Эритроциты;мужчины - 4,32-5,72*10<sup>12</sup>/л<br>женщины - 3,9-5,03*10<sup>12</sup>/л;https://gradusnik.net/eritrocity-krovi/
Гемоглобин;мужчины - 135-175 г/л<br>женщины - 120-155 г/л;https://gradusnik.net/gemoglobin-krovi/
Гематокрит;мужчины - 38,8-50,0%<br>женщины - 34,9-44,5%;https://gradusnik.net/gematokrit/
MCV — средний объём эритроцита;мужчины - 81,2-95,1 фл<br>женщины - 79,9-92,3 фл;https://gradusnik.net/eritrocity-krovi/
MCH — среднее содержание гемоглобина в отдельном эритроците;24-30 пг;https://gradusnik.net/eritrocity-krovi/
MCHC — средняя концентрация гемоглобина в эритроците;32-35%;https://gradusnik.net/eritrocity-krovi/
RDW - ширина распределения эритроцитов;11,8-15,6%;https://gradusnik.net/eritrocity-krovi/
Лейкоциты;3,5-10,5*10<sup>9</sup>/л;https://gradusnik.net/lejkocity-krovi/
Нейтрофилы, NEUT# (NE#);1,7-7,0*10<sup>9</sup>/л;https://gradusnik.net/nejtrofily-stroenie-i-funktsiya-norma-u-detej-i-vzroslyh-prichiny-povysheniya-i-snizheniya/
Нейтрофилы, NEUT% (NE%);сегментноядерные - 40-70%<br>палочкоядерные - 1-7%;https://gradusnik.net/nejtrofily-stroenie-i-funktsiya-norma-u-detej-i-vzroslyh-prichiny-povysheniya-i-snizheniya/
Эозинофилы, EO#;0,05-0,5*10<sup>9</sup>/л;https://gradusnik.net/eozinofily-stroenie-i-funktsiya-norma-povyshenie-u-detej-i-vzroslyh/
Эозинофилы, EO%;2-5%;https://gradusnik.net/eozinofily-stroenie-i-funktsiya-norma-povyshenie-u-detej-i-vzroslyh/
Базофилы, BA#;0-0,3*10<sup>9</sup>/л;https://gradusnik.net/bazofily/
Базофилы, BA%;0-1%;https://gradusnik.net/bazofily/
Лимфоциты, LYM# (LY#);0,9-2,9*10<sup>9</sup>/л;https://gradusnik.net/limfotsity-stroenie-norma-u-detej-i-vzroslyh-prichiny-povyshenie-i-snizheniya/
Лимфоциты, LYM% (LY%);20-40%;https://gradusnik.net/limfotsity-stroenie-norma-u-detej-i-vzroslyh-prichiny-povyshenie-i-snizheniya/
Моноциты, MON#;0,3-0,9*10<sup>9</sup>/л;https://gradusnik.net/monocit/
Моноциты, MON%;2-10%;https://gradusnik.net/monocit/
Тромбоциты;150-450*10<sup>9</sup>/л;https://gradusnik.net/trombocity-krovi/
MPV - средний объем тромбоцита;6,5-10,0 фл;https://gradusnik.net/trombocity-krovi/
СОЭ;1-15 мм/час;https://gradusnik.net/skorost-osedaniya-eritrocitov-soe-2/
Адренокортикотропный гормон, АКТГ;10-60 нг/л;https://gradusnik.net/aktg-adrenokortikotropnyj-gormon/
Вазопресин, андидиуретический гормон, АДГ;1-5 пг/мл;https://gradusnik.net/vazopressin/
Лютеинизирующий гормон, ЛГ;0-14 лет - 0,8-6,0 Ед/л<br>мужчины 14-70 лет - 1,5-9,3 Ед/л<br>мужчины старше 70 лет - 3,1-35 Ед/л<br>женщины 14-55 лет - 0,5-76 Ед/л<br>фолликулярная фаза (1-12 дни м.ц., рост фолликула) - 2-13 Ед/л<br>середина цикла (13-16 дни м.ц., овуляция) - 9-76 Ед/л<br>лютеиновая фаза (22-23 дни м.ц., действие желтого тела) - 0,5-17 Ед/л<br>женщины после менопаузы - 15-54 Ед/л<br>беременные женщины - 0-1,5 Ед/л;https://gradusnik.net/lg-lyuteiniziruyushhij-gormon/
Окситоцин;мужчины - 1,0-1,9 мМЕ/л<br>женщины вне беременности - 1,0-1,8 мМЕ/л<br>женщины во втором триместре беременности - 3,2-5,3 мМЕ/л;https://gradusnik.net/gormon-oksitocin/
Пролактин;0-14 лет - 2,1-17,0 мкг/л<br>мужчины - 2,1-17,7 мкг/л<br>женщины 14- 55 лет - 2,8-29,2 мкг/л<br>женщины после менопаузы - 1,8-20,3 мкг/л<br>беременные женщины — 9,7-208,5 мкг/л<br>***************************<br>мужчины - 4,0-15,2 нг/мл<br>женщины - 4,8-23,3 нг/мл<br>***************************<br>мужчины - 80-403 Ед/л<br>женщины 14- 55 лет - 100-800 Ед/л<br>женщины после менопаузы - 83-504 Ед/л<br>беременные женщины - 250-4000 Ед/л;https://gradusnik.net/prolaktin/
Соматотропный гормон, СТГ, гормон роста;0-20 мг/л<br>************************<br>0-7 дней - 1,18-27,0 нг/мл<br>7-15 дней - 0,69-17,6 нг/мл<br>15 дней - 3 года - 0,43-3,5 нг/мл<br>3-8 лет - 0,15-5,4 нг/мл<br>8-10 лет - 0,1-3,1 нг/мл<br>10-11 лет - 0,10-6,9 нг/мл<br>11-17 лет - 0,1-12,2 нг/мл<br>17-19 лет - 0,24-4,7 нг/мл<br>старше 20 лет - 0,06-5,0 нг/мл;https://gradusnik.net/stg-somatotropnyj-gormon-gipofiza/
Тиреотропный гормон, ТТГ;3 дня - 10 недель - 1,1-17,0 мМЕ/л<br>10 недель - 14 месяцев - 0,6-10,0 мМЕ/л<br>14 месяцев - 5 лет - 0,4-7,0 мМЕ/л<br>5-14 лет - 0,4-6,0 мМЕ/л<br>14-18 лет - 0,5-5,0 мМЕ/л<br>взрослые - 0,27-4,2 мМЕ/л<br>************************<br>I триместр беременности - 0,1-2,5 мМЕ/л<br>II триместр беременности - 0,1-3,0 мМЕ/л<br>III триместр беременности - 3,5 мМЕ/л;NULL
Фолликулостимулирующий гормон, ФСГ;0-14 лет - 1,2-7,8 Ед/л<br>мужчины 14-50 лет -1,4-18,1 Ед/л<br>мужчины старше 50 лет - 2,8-55,5 Ед/л<br>женщины 14-55 лет - 1,5-33,4 Ед/л<br>женщины после менопаузы - 23,0-116,0 Ед/л<br>беременные женщины - до 0,3 Ед/л;https://gradusnik.net/fsg-follikulostimuliruyushhij-gormon/
11-Деоксикортизол;в утренние часы<br>1-10 лет - 0,6-4,5 ммоль/л<br>старше 10 лет - 0,3-4,6 ммоль/л;NULL
11-Деоксикортикостерон;в утренние часы - 61-576 нмоль/л;NULL
17-альфа-гидроксипрогестерон;0-1 день - 1,0-22,0 нмоль/л<br>2-6 дней - 0,1-14,0 нмоль/л<br>7 дней - 4 месяца - 0,5-12,2 нмоль/л<br>4-10 месяцев - 0,5-6,0 нмоль/л<br>10 месяцев - 9 лет - 0,3-2,9 нмоль/л<br>мужчины<br>9-15 лет - 0,8-64 нмоль/л<br>15-30 лет - 1,3-7,2 нмоль/л<br>старше 30 лет - 1,9-5,4 нмоль/л<br>женщины<br>9-15 лет - 0,3-7,7 нмоль/л<br>15-30 лет (лютеальная фаза) - 1,1-8,4 нмоль/л<br>старше 30 лет - 0,3-4,5 нмоль/л;https://gradusnik.net/17-gidroksiprogesteron/
Адренокортикотропный гормон, АКТГ;10-60 нг/л;https://gradusnik.net/aktg-adrenokortikotropnyj-gormon/
Альдостерон;новорожденные - 300-1900 нг/л<br>1 месяц - 2 года - 20-1100 нг/л<br>2-16 лет - 12-340 нг/л<br>взрослые в горизонтальном положении - 20-160 нг/л<br>взрослые в вертикальном положении - 30-300 нг/л;https://gradusnik.net/aldosteron/
Андростендион;мальчики 0-9 лет - 0,90-1,50 нмоль/л<br>девочки 0-9 лет - 0,90-5,80 нмоль/л<br> мальчики 9-15 лет - 0,10-11,70 нмоль/л<br>девочки 15-20 лет - 1,60-7,70 нмоль/л<br>мужчины - 1,05-10,80 нмоль/л<br>женщины 20-40 лет - 0,73-10,75 нмоль/л<br>женщины старше 40 лет - 1,26-6,30 нмоль/л;https://gradusnik.net/androstendion/
Антимюллеров гормон;мужчины<br>до 2 лет - 14-466 нг/мл<br>2 -12 лет - 7,4-243 нг/мл<br>старше 12 лет - 0,7-19 нг/мл<br>женщины<br>до 2 лет - до 4,7 нг/мл<br>2-12 лет - до 8,8 нг/мл<br>12-45 лет - 0,9-9,5 нг/мл<br>старше 45 лет - до 1,0 нг/мл;https://gradusnik.net/amg-antimyullerov-gormon/
Глобулин, связывающий половые гормоны, ГСПГ;мужчины<br>0-1 месяц - 22,2-65,2 нмоль/л<br>1 месяц -12 лет - 76,0-137,0 нмоль/л<br> 12-18 лет - 44,0-113,0 нмоль/л<br>взрослые - 12,0-75,0 нмоль/л<br>женщины<br>0-1 месяц - 28,3-69,5 нмоль/л<br>1 месяц -  10 лет - 68,4-149,0 нмоль/л<br>10-18 лет - 55,4-124,0 нмоль/л<br>взрослые - 20,0-140,0 нмоль/л  ;https://gradusnik.net/gspg-globulin-svyazyvayushhij-polovye-gormony/
Дегидроэпиандростерон, ДГЭА;мужчины<br>0-8 лет - 0,3-2,2 мкг/л<br>8-15 лет - 0,3-6,6 мкг/л<br>15-19 лет - 2,4-17,3 мкг/л<br>19-35 лет - 3,3-11,1 мкг/л<br>35-50 лет - 1,3-8,3 мкг/л<br>50-60 лет - 2,2-5,0 мкг/л<br>60-80 лет - 0,6-3,5 мкг/л<br>женщины<br>0-8 лет - 0,3-2,0 мкг/л<br>8-15 лет - 0,5-10,5 мкг/л<br>15-19 лет - 4,6-22,5 мкг/л<br>19-35 лет - 1,2-16,4 мкг/л<br>35-50 лет - 2,3-19,3 мкг/л<br>50-60 лет - 2,5-15,3 мкг/л<br>60-80 лет - 0,8-9,2 мкг/л;https://gradusnik.net/dgea-degidroepiandrosteron/
Дегидроэпиандростерон-сульфат, ДГЭА-С;0-1 год - 0,06-1,1 мкмоль/л<br>1-6 лет - 0,06-0,66 мкмоль/л<br>мужчины<br>6-9 лет - 0,20-2,9 мкмоль/л<br>9-15 лет - 2,5-7,5 мкмоль/л<br>15-19 лет - 6,4-16,1 мкмоль/л<br>19-59 лет - 0,95-11,9 мкмоль/л<br>старше 59 лет - 0,25-5,2 мкмоль/л<br>женщины<br>6-9 лет - 0,23-1,5 мкмоль/л<br>9-15 лет - 1,00-9,2 мкмоль/л<br>15-30 лет - 2,4-14,5 мкмоль/л<br>30-40 лет - 1,8-9,7 мкмоль/л<br>40-50 лет - 0,66-7,2 мкмоль/л<br>50-60 лет - 0,94-3,3 мкмоль/л<br>старше 60 лет - 0,09-3,7 мкмоль/л;https://gradusnik.net/dgea-s/
Дигидротестостерон;мужчины - 0,86-3,40 нмоль/л<br>женщины<br>в предменопаузе - 0,08-1,27 нмоль/л<br>в постменопаузе - 0,03-0,62 нмоль/л;https://gradusnik.net/dgt-digidrotestosteron/
Кортизол;1-15 лет<br>7-9 часов утра - 414-690 нмоль/л<br>15-17 часов - 138-276 нмоль/л<br>18-20 часов - менее 50% утренних показателей<br>взрослые<br>7-9 часов утра - 138-773 нмоль/л<br>15-17 часов - 55-386 нмоль/л<br>18-20 часов - менее 50% утренних показателей;https://gradusnik.net/kortizol/
Кортикостерон;8.00 утра - 4-24 нмоль/л<br>16.00 после полудня - 2-6 нмоль/л;NULL
Лютеинизирующий гормон, ЛГ;0-14 лет - 0,8-6,0 Ед/л<br>мужчины 14-70 лет - 1,5-9,3 Ед/л<br>мужчины старше 70 лет - 3,1-35 Ед/л<br>женщины 14-55 лет - 0,5-76 Ед/л<br>фолликулярная фаза (1-12 дни м.ц., рост фолликула) - 2-13 Ед/л<br>середина цикла (13-16 дни м.ц., овуляция) - 9-76 Ед/л<br>лютеиновая фаза (22-23 дни м.ц., действие желтого тела) - 0,5-17 Ед/л<br>женщины после менопаузы - 15-54 Ед/л<br>беременные женщины - 0-1,5 Ед/л;https://gradusnik.net/lg-lyuteiniziruyushhij-gormon/
Прегненолон;1,5-7,1 нмоль/л;NULL
Прогестерон;мужчины - 0,9-3,9 нмоль/л<br>женщины<br> в фолликулярной фазе - 0,5-4,4 нмоль/л<br>в лютеальной фазе - 10,6-81,0 нмоль/л<br>женщины в постменопаузе - 0,0-2,3 нмоль/л;https://gradusnik.net/progesteron/
Тестостерон;мужчины<br>0-12 лет - 0,04-6,14 нмоль/л<br>12-15 лет - 0,07-27,80 нмоль/л<br>взрослые - 9,72-38,2 нмоль/л<br>женщины<br>0-12 лет - 0,04-0,7 нмоль/л<br>12-15 лет - 0,07-1,39 нмоль/л<br>взрослые - 0,52-2,43 нмоль/л;https://gradusnik.net/testosteron/
Транскортин;мужчины - 323-433 нмоль/л<br>женщины - 256-393 нмоль/л;NULL
Фолликулостимулирующий гормон, ФСГ;0-14 лет - 1,2-7,8 Ед/л<br>мужчины 14-50 лет -1,4-18,1 Ед/л<br>мужчины старше 50 лет - 2,8-55,5 Ед/л<br>женщины 14-55 лет - 1,5-33,4 Ед/л<br>женщины после менопаузы - 23,0-116,0 Ед/л<br>беременные женщины - до 0,3 Ед/л;https://gradusnik.net/fsg-follikulostimuliruyushhij-gormon/
Эстрадиол;"мужчины - 40-180 пмоль/л<br> женщины <br>фолликулярная фаза - 110-330 пмоль/л<br> предовуляционный пик - 480-1170 пмоль/л<br>лютеиновая фаза - 260-730 пмоль/л<br>постменопауза - 40-150 пмоль/л<br>************************<br>фолликулярная фаза -0,077-0,920
нмоль/л<br>предовуляционный пик - 0,140-2,382 нмоль/л<br>лютеиновая фаза - 0,077-1,145 нмоль/л<br>постменопауза - до 0-0,103
нмоль/л<br>постменопауза при заместительной терапии - до 0,529 нмоль/л";https://gradusnik.net/estradiol/
Эстриол неконъюгированный, Е1;взрослые - 55-240 пмоль/л<br>в фолликулярной фазе - 55-925 пмоль/л;NULL
Эстриол общий;н.б. — неделя беременности<br>28-30 н.б. - 132-486 нмоль/л<br>32 н.б. - 121-1145 нмоль/л<br>36 н.б. - 167-1215 нмоль/л<br>40 н.б. - 330-1596 нмоль/л;NULL
Эстриол свободный, Е3;н.б. — неделя беременности<br>22 н.б. - 9,0-27,8 нмоль/л<br>26 н.б. - 8,7-46,8 нмоль/л<br>30 н.б. - 12,1-65,9 нмоль/л<br>34 н.б. - 18,4-63,5 нмоль/л<br>38 н.б. - 29,8-131,9 нмоль/л<br>40 н.б. - 33,3-100,3 нмоль/л;https://gradusnik.net/svobodnyj-estriol/
Эстрогены общие;1-10 лет - до 25 нг/л<br>мужчины - 20-80 нг/л<br>женщины<br>фолликулярная фаза - 20-200 нг/л<br>лютеальная фаза - 160-400 нг/л<br>постменопауза - до 130 нг/л;NULL
Альфа-фетопротеин при беременности, АФП;н.б. — неделя беременности<br>5 н.б. - 0,35-1,75 мг/л<br>6 н.б. - 0,38-1,88 мг/л<br>7 н.б. - 0,45-2,25 мг/л<br>8 н.б. - 0,94-4,68 мг/л<br>9 н.б. - 1,43-7,13 мг/л<br>10 н.б. - 2,19-10,96 мг/л<br>11 н.б. - 2,21-11,05 мг/л<br>12 н.б. - 2,9-14,52 мг/л<br>13 н.б. - 4,0-20,0 мг/л<br>14 н.б. - 5,50-27,5 мг/л<br>15 н.б. - 12,23-61,15 мг/л<br>16 н.б. - 12,93-64,63 мг/л<br>17 н.б. - 14,55-72,75 мг/л<br>18 н.б. - 17,67-88,37 мг/л<br>19 н.б. - 19,5-97,5 мг/л<br>20 н.б. - 22,0-100,0 мг/л<br>21 н.б. - 24,0-120,0 мг/л<br>22 н.б. - 27,0-135,0 мг/л<br>23 н.б. - 30,0-150,0 мг/л<br>24 н.б. - 32,5-162,50 мг/л<br>25 н.б. - 35,0-175,0 мг/л;https://gradusnik.net/alfa-fetoprotein-pri-beremennosti/
Ассоциированный с беременностью белок А, PAPP-A;н.б. - неделя беременности<br>8 н.б. - 0,22-0,66 мЕД/мл<br>9 н.б. - 0,36-1,07 мЕД/мл<br>10 н.б. - 0,58-1,73 мЕД/л<br>11 н.б. - 0,92-2,78 мЕД/мл<br>12. н.б. - 1,50-4,50 мЕД/мл<br>13. н.б. - 2,42-7,26 мЕД/мл;https://gradusnik.net/papp-a-associirovannyj-s-beremennostyu-belok-a/
Плацентарный лактоген;5-38 неделя беременности - 23-509 нмоль/л;https://gradusnik.net/platsentarnyj-laktogen-pokazaniya-norma-i-rasshifrovka/
Хорионический гонадотропин человека бета-субъединица, бета-ХГЧ;мужчины и женщины в менопаузе и небеременные - до 0,3 мкг/л<br>н.д. неделя беременности<br>медианы при беременности<br>8 н.б. - 73,88 мкг/л<br>9 н.б. - 61,37 мкг/л<br>10 н.б. - 50,26 мкг/л<br>11 н.б. - 43,57 мкг/л<br>12 н.б. - 34,68 мкг/л<br>13 н.б. - 29,22 мкг/л;https://gradusnik.net/xgch-xorionicheskij-gonadotropin-cheloveka/
Хорионический гонадотропин человека, ХГЧ;вне беременности - до 10 Ед/л<br>н.б. - неделя беременности<br>беременность - более 5000 Ед/л<br>5 н.б. - 6 000-24 000 Ед/л<br>6 н.б. - 13 500-54 000 Ед/л<br>7 н.б. - 20 000-80 000 Ед/л<br>8 н.б. - 42 230 - 168 920 Ед/л<br>9 н.б. - 62 500-250 000 Ед/л<br>10 н.б. - 58 560-234 240 11–12 н.б. - 90 000 - 500 000 Ед/л<br>13–24 н.б. - 5 000 - 80 000 Ед/л<br>26-38 н.б. - 3 000 – 15 000<br>0,5-2 MoM на протяжении всей беременности;https://gradusnik.net/xgch-xorionicheskij-gonadotropin-cheloveka/
Эстриол свободный, Е3;н.б. — неделя беременности<br>22 н.б. - 9,0-27,8 нмоль/л<br>26 н.б. - 8,7-46,8 нмоль/л<br>30 н.б. - 12,1-65,9 нмоль/л<br>34 н.б. - 18,4-63,5 нмоль/л<br>38 н.б. - 29,8-131,9 нмоль/л<br>40 н.б. - 33,3-100,3 нмоль/л;https://gradusnik.net/svobodnyj-estriol/
Алкогольдегидрогеназа;до 0,05 мкат/л;NULL
АЛТ, аланинаминотрансфераза;0-6 недель - 0,05-0,73 мкат/л<br>6 недель - 1 год - 0,05-0,85 мкат/л<br>1-15 лет - 0,05-0,6 мкат/л<br>взрослые - 0,1-0,78 мкат/л<br>************************<br>0-6 недель - 5-43 Ед/л<br>6 недель - 1 год - 5-50 Ед/л<br>1-15 лет - 5-42 Ед/л<br>мужчины - 7-50 Ед/л<br>женщины - 5-44 Ед/л<br>старше 65 лет - 5-45 Ед/л;https://gradusnik.net/alt-alaninaminotransferaza1/
Альдолаза;0-2 года - 0,17 - 0,68 мкат/л<br>2 года - 16 лет - 0,09 - 0,34 мкат/л<br>старше 16 лет - 0,04 - 0,13 мкат/л;https://gradusnik.net/aldolaza/
Альфа-амилаза общая;0,47-1,67 мкат/л<br>************************<br>0-30 дней - 0-6 Ед/л<br>1-6 месяцев - 1-17 Ед/л<br>6-12 месяцев - 6-44 Ед/л<br>1-3 года - 8-79 Ед/л<br>4-17 лет - 21-110 Ед/л<br>старше 18 лет - 26-102 Ед/л;https://gradusnik.net/amilaza-v-krovi-i-moche/
Альфа-амилаза панкреатическая;0,22-0,88 мкат/л<br>************************<br>0-2 года - 0-20 Ед/л<br>2-18 лет - 9-35 Ед/л<br>старше 18 лет - 11-54 Ед/л;https://gradusnik.net/amilaza-v-krovi-i-moche/
АСТ, аспартатаминотрансфераза;0-6 недель - 0,38-1,21 мкат/л<br>6 недель - 1 год - 0,27-0,97 мкат/л<br>1-15 лет - 0,10-0,63 мкат/л<br>взрослые - 0,05-0,72 мкат/л<br>0-6 недель - 22-70 Ед/л<br>************************<br>6 недель - 1 год - 15-60 Ед/л<br>1-15 лет - 6-40 Ед/л<br> мужчины до 65 лет - 5-50 Ед/л<br>женщины до 65 лет - 3-40 Ед/л<br>старше 65 лет - 3-40 Ед/л;https://gradusnik.net/ast-aspartataminotransferaza/
Ацетилхолинэстераза (активность);50-120 мкат/л (образец крови транспортируют при температуре 5 град. Цельсия);NULL
Галактоза;1-7 дней - до 0,29 ммоль/л<br>8-14 дней - до 0,2 ммоль/л<br>старше - до 0,11 ммоль/л;NULL
ГГТ, гамма-глутамилтрансфераза;0-6 недель - 0,37-3,0 мкат/л<br>6 недель - 1 год - 0,1-1,04 мкат/л<br>1-15 лет - 0,1-0,39 мкат/л<br>мужчины - 0,14-0,84 мкат/л<br>женщины - 0,14-0,68 мкат/л<br>************************<br>0-6 недель - 20-200 Ед/л<br>6 недель - 1 год - 6-60 Ед/л<br>1-15 лет - 6-23 Ед/л<br>мужчины - 8-55 Ед/л<br>женщины - 8-38Ед/л;https://gradusnik.net/ggt-gamma-glutamiltransferaza/
Гидроксибутиратдегидрогеназа;1,25-3,25 мкат/л;NULL
Глюкозо-6-фосфатдегидрогеназа в эритроцитах;0,65-0,91 МЕ/моль гемоглобина;NULL
Кислая фосфатаза;мужчины - 0-1,8 нкат/л<br>женщины - 0-92 нкат/л;NULL
Кислая фосфатаза костный изофермент;50-90 нкат/л;NULL
Креатинкиназа ;0-6 недель - 1,26-6,66 мкат/л<br>6 недель - 1 год - 0,17-2,44 мкат/л<br>1-15 лет - 0,2-2,27 мкат/л<br>мужчины - 0,65-5,14 мкат/л<br>женщины - 0,43-3,21 мкат/л<br>0-4 недели - 75-390 Ед/л<br>1 месяц-15 лет – 11-135 Ед/л<br>мужчины - до 170 Ед/л<br>женщины - до 145 Ед/л;https://gradusnik.net/kreatinkinaza-sk/
Креатинкиназа MB;0-0,42 мкат/л<br>0-5 мг/л<br>0-025 Ед/л;https://gradusnik.net/kreatinkinaza-mb/
Лактатдегидрогеназа, ЛДГ;4-20 дней - 3,8-10,0 мкат/л<br>2-15 лет - 2,0-5,0 мкат/л<br>мужчины - 2,2-3,75 мкат/л<br>женщины - 2,2-3,55 мкат/л<br>1-30 дней - 135-750 Ед/л<br>1 -12 месяцев - 180-435 Ед/л<br>1-3 года - 160-370 Ед/л<br>4-6 лет - 145-345 Ед/л<br>7-9 лет - 143-290 Ед/л<br>10-12 лет - 120-293 Ед/л<br>13-15 лет - 110-283 Ед/л<br>16-17 лет - 105-233 Ед/л<br>старше 18 лет - 122-222 Ед/л;https://gradusnik.net/ldg-laktatdegidrogenaza/
Лактоза;до 14,6 мкмоль/л;NULL
Липаза поджелудочной железы;0-1 мкат/л<br>10-73 Ед/л;https://gradusnik.net/lipaza-podzheludochnoj-zhelezy/
Пепсиноген I;28-158 мкг/л;NULL
Тимидинкиназа;0-6,1 Е/л;NULL
Транскетолаза;150-200 Е/л;NULL
Фосфофруктокиназа в эритроцитах;0,46-0,70 МЕ/моль гемоглобина;NULL
Химотрипсин;до 10 мкг/л;NULL
Холинэстераза;0-6 недель - 45-104 мкат/л<br>6 недель - 15 лет - 87-140 мкат/л<br>старше 15 лет - 87-190 мкат/л;NULL
ЩФ, щелочная фосфатаза;0-6 недель - 1,2-6,3 мкат/л<br>6 недель - 1 год - 1,4-8,0 мкат/л<br>1-10 лет - 1,2-6,2 мкат/л<br>10-15 лет - 1,35-7,5 мкат/л<br>взрослые - 0,66-2,2 мкат/л<br>0-6 недель - 70-370 Ед/л<br>6 недель - 1 год - 80-470 Ед/л<br>1-10 лет - 650-360 Ед/л<br>10-15 лет - 80-440 Ед/л<br>взрослые - 40-130<br>беременность - 70-250;https://gradusnik.net/shhelochnaya-fosfataza/
Эластаза поджелудочной железы;0-3,5 нг/мл;NULL
Электрофорез изоферментов лактатдегидрогеназы, ЛДГ;ЛДГ1 - 16,1-31,5%<br>ЛДГ2 - 29,2-41,6%<br>ЛДГ3 - 17,0-26,2%<br>ЛДГ4 - 5,9-12,3%<br>ЛДГ5 - 3,2-17,3%;https://gradusnik.net/ldg-laktatdegidrogenaza-xarakteristika-frakcij/
Альбумин;0-6 недель - 27-33 г/л<br>6 недель - 1 год - 30-43 г/л<br>от 1 года - 35-53 г/л;https://gradusnik.net/albumin-v-krovi/
Альфа-1-антитрипсин;0,9-2,0 г/л;NULL
Альфа-1-антихимотрипсин ;300-600 мг/л;NULL
Альфа-1-кислый гликопротеин, орозомукоид;0,50-1,20 г/л;NULL
Альфа-1-микроглобулин;0-10 мг/л;NULL
Альфа-2-микроглобулин;1,3-3,0 г/л;NULL
Аммиак;0-1 день - 0,0–144,0 мкмоль/л<br>2-6 день - 0,0–134,0 мкмоль/л<br>6 дней - 6 недель - 0,0-90,0 мкмоль/л<br>старше 6 недель - 0,0–60,0 мкмоль/л;NULL
Гаптоглобин;недоношенные новорожденные - до 0,26 г/л<br>доношенные новорожденные - до 0,70 г/л<br>6 месяцев - 18 лет - 0,22-1,69 г/л<br>взрослые - 0,3-2,0 г/л;NULL
Глутатион редуцированный;0,35-0,49 моль/моль гемолобина;NULL
Глутатионредуктаза в эритроцитах;0,39-0,53 МЕ/моль гемоглобина;NULL
Креатинин;0-6 недель - 12-48 ммоль/л<br>6 недель - 1 год - 21-55 ммоль/л<br>1-15 лет - 27-88 ммоль/л<br>мужчины - 44-110 ммоль/л<br>женщины - 44-104 ммоль/л;https://gradusnik.net/kreatinin-krovi/
Миоглобин;мужчины - 17-105 мкг/л<br>женщины - 14-66 мкг/л;https://gradusnik.net/mioglobin/
Мочевая кислота;0-6 недель - 143-340 ммоль/л<br>6 недель - 1 год - 120-340 ммоль/л<br>1-15 лет - 140-340 ммоль/л<br>мужчины - 220-420 ммоль/л<br>женщины - 140-340 ммоль/л;https://gradusnik.net/mochevaya-kislota/
Мочевина;0-6 недель - 1,7-5,0 ммоль/л<br>6 недель - 1 год - 1,4-5,4 ммоль/л<br>1-15 лет - 1,8-6,7 ммоль/л<br>мужчины - 2,8-8,0 ммоль/л<br>женщины - 2,0-6,7 ммоль/л;https://gradusnik.net/mochevina-v-krovi/
Общий белок;0-1 неделя - 46-70 г/л<br>1 неделя - 1 год - 51-73 г/л<br>1 - 2 года - 56-75 г/л<br>2 - 3 года - 58-78 г/л<br>3 - 15 лет - 60-80 г/л<br>взрослые - 65-85 г/л;https://gradusnik.net/obshhij-belok-krovi-2/
Преальбумин;0,2-0,4 г/л;https://gradusnik.net/prealbumin/
СРБ, С-реактивный белок;новорожденные - 0-15 мг/л<br>дети до 1 года - 0-10 мг/л<br>взрослые - 0-5 мг/л<br>хронический никотинизм - 0-20 мг/л<br>беременность - 0-20 мг/л<br>после физической нагрузки - 0-60 мг/л;https://gradusnik.net/c-reaktivnyj-belok/
Фибриноген, I фактор свертываемости;новорожденные - 1,23-3,0 г/л<br>взрослые - 2-4 г/л;https://gradusnik.net/fibrinogen-chto-eto-analiz-normy-prichiny-povysheniya/
Хромогранин А;19,4-98,1 нг/мл;NULL
Церулоплазмин;0,2-0,6 г/л;NULL
Электрофорез белков крови;альбумин - 55,0-69,0%<br>альфа-1 - 1,5-4,0%<br>альфа-2 - 8,0-3,0%<br>бета - 7,0-15,0%<br>гамма - 9,0-18,0%;https://gradusnik.net/elektroforez-belkov-krovi/
Эндотелин 1;1,3-3,8 пмоль/л;NULL
Эндотелин 1,2;6-27,2 пмоль/л;NULL
Эозинофильный катионный белок, ECP;до 24 нг/мл;NULL
Аполипопротеин A-I (apoA-I);мужчины - 1,0-1,7 г/л<br>женщины - 1,1-1,9 г/л;https://gradusnik.net/apolipoprotein-a/
Аполипопротеин A-II (apoA-II);0,4-0,5 г/л;https://gradusnik.net/apolipoprotein-a/
Аполипопротеин B (apoB);0,5-1,0 г/л;https://gradusnik.net/apolipoprotein-b/
Ацетоацетат;до 0,1 ммоль/л<br>отрицательно;NULL
Ацетон;0,05-0,34 мкмоль/л;NULL
Кислота бета-гидроксимасляная;20-270 мкмоль/л;NULL
Кислота деоксихолевая;0,23-0,89 мкмоль/л;NULL
Кислота холиевая;0,07-0,91 мкмоль/л;NULL
Коэффициент атерогенности;2-2,5<br>умеренный риск атеросклероза - 3-4<br>высокий риск атеросклероза - более 4;https://gradusnik.net/koefficient-aterogennosti/
Липопротеин (а);до 0,3 г/л;NULL
Холестерин общий;0-6 недель - 1,3-4,3 ммоль/л<br>6 недель - 1 год - 2,6-4,2 ммоль/л<br>1-15 лет - 2,6-5,8 ммоль/л<br>взрослые - до 5 ммоль/л<br>целевой уровень при высоком риске сердечно-сосудистых заболеваний - ниже 4,5 ммоль/л<br>целевой уровень при очень высоком риске сердечно-сосудистых заболеваний - ниже 4,0 ммоль/л;https://gradusnik.net/obshhij-xolesterin-v-krovi/
Неэтерифицированные жирные кислоты ;0,1-0,9 ммоль/л;NULL
Триглицериды;0-6 недель - 0,5-1,18 ммоль/л<br>6 недель - 1 год - 0,5-2,22 ммоль/л<br>1-15 лет - 0,5-2,22 ммоль/л<br>взрослые - 0,45-1,7 ммоль/л;https://gradusnik.net/trigliceridy-v-krovi/
Фосфолипиды;2,0-3,7 ммоль/л;NULL
Холестерин липопротеинов высокой плотности;дети до 15 лет - 1,0-1,8 ммоль/л<br>мужчины - 1,0-2,1 ммоль/л<br>женщины - 1,2-2,7 ммоль/л;https://gradusnik.net/lipoproteiny-vysokoj-plotnosti-xoroshij-xolesterin/
Холестерин липопротеинов низкой плотности;1,2-3,0 ммоль/л;https://gradusnik.net/lipoproteiny-nizkoj-plotnosti-ploxoj-xolesterol/
Холестерин липопротеинов очень низкой плотности;до 0,77 ммоль/л;https://gradusnik.net/lipoproteiny-ochen-nizkoj-plotnosti-ochen-ploxoj-xolesterol/
Электрофорез липопротеинов;альфа - 23-46%<br>пре-бета - 3-18%<br>бета - 42-63%<br>хиломикроны - 0-3%<br>липопротеин (а) - 0-3%;https://gradusnik.net/elektroforez-lipoproteidov/
Виноградная кислота, пируват;в венозной крови 41-67 мкмоль/л;NULL
Гликоген ;до 100 мг/л;NULL
Молочная кислота, лактат;0-6 недель - 0,5-3,0 ммоль/л<br>6 недель - 15 лет - 0,56-2,25 ммоль/л<br>старше 15 лет - 0,5-2,0 ммоль/л;NULL
Сахароза ;до 1,75 ммоль/л;NULL
Фруктозамин;200-285 мкмоль/л;NULL
Гемоглобин A2;1,5-3,5%;https://gradusnik.net/gemoglobin-krovi/
Гемоглобин F;0-3 недели - 67,8-81,4%<br>4-9 недель - 41,9-63,9%<br>3-4 месяца - 7,2-39,2%<br>5-8 месяцев - 0,0-16,7%<br>9-12 месяцев - 0,0-10,5%<br>13-17 месяцев - 0,0-7,9%<br>18-23 месяца - 0,0-6,3%<br>старше 2 лет - 0,0-0,9%;https://gradusnik.net/gemoglobin-krovi/
Гликированный гемоглобин, HbA1с ;28-40 ммоль/моль<br>*** 2,8-4,0% ***<br>преддиабет - 41-47 ммоль/моль<br>сахарный диабет - более 48 ммоль/моль<br>компенсированный сахарный диабет - до 53 ммоль/моль ;https://gradusnik.net/glikirovannyj-gemoglobin-v-krovi/
Карбгемоглобин;некурящие - 0,5-1,5 %Hb<br>курящие до 40 сигарет в сутки - 4-5 %Hb<br>курящие более 40 сигарет в сутки - 8-9 %Hb<br>токс.к. - более 20 %Hb<br>смертельная концентрация - более 50 %Hb;NULL
Метгемоглобин ;9,3-37,2 ммоль/л<br>0,04-1,52% гемоглобина;NULL
Сульфгемоглобин;до 1,0% общего гемоглобина;NULL
Осмолярность крови;275-295 ммоль/кг ;NULL
Остеокальцин;мужчины 18-30 лет - 24-70 мг/л<br>мужчины 30-50 лет - 14-42 мг/л<br>мужчины 50-70 лет - 14-46 мг/л<br>женщины 20-55 лет - 11-43 мг/л<br>женщины старше 55 лет - 15-46 мг/л<br>пациенты с остеопорозом - 13-48 мг/л;NULL
Дезоксипиридинолин;в моче<br>мужчины - 2,3-8,7 нмоль/ммоль креатинина<br>женщины - 3,1-8,7 нмоль/ммоль креатинина;NULL
Костный изофермент щелочной фосфатазы;до 18 лет - до 7,5 мкат/л<br>старше 18 лет - до 1,1 мкат/л<br> до 18 лет - 32-215 Ед/л<br>старше 18 лет - 12-43 Ед/л<br>до 18 лет - 38-85%<br>старше 18 ле - 19-68%;NULL
Beta-Cross laps, С-концевые телопептиды коллагена I типа;мужчины<br>18-30 лет - 120-946 пг/мл<br>31-50 лет - 93-630 пг/мл<br>51-70 лет - 35-836 пг/мл<br>женщины<br>в предменопаузе - 25-573 пг/мл<br>в постменопаузе - 104-1008 пг/мл;NULL
Паратгормон интактный;1,04-6,8 пмоль/л<br>15-65 пг/мл;https://gradusnik.net/paratgormon/
Витамин D3, кальцитриол (1,25(ОН)2D3);20-67 нг/л;NULL
Витамин D2, эргокальциферол (25(ОН)D3);30-50 мг/л;NULL
Кальций общий (Ca2+);0-1 неделя - 1,8-2,8 ммоль/л<br>1 неделя-2 года - 2,0-2,9 ммоль/л<br>старше 2-х лет - 2,0-2,75 ммоль/л;https://gradusnik.net/kalcij-v-krovi-i-v-moche-analiz-norma-funkcii/
Кальций ионизированный (Ca2+);0-6 недель - 1,0-1,5 ммоль/л<br>6 недель - 1 год - 0,95-1,5 ммоль/л<br>1-15 лет - 1,22-1,37 ммоль/л<br>взрослые - 1,13-1,32 ммоль/л;https://gradusnik.net/kalcij-v-krovi-i-v-moche-analiz-norma-funkcii/
Магний (Mg2+);до 1 года - 0,7-1,0 ммоль/л<br>1-15 лет - 0,8-1,0 ммоль/л<br>взрослые - 0,7-1,0 ммоль/л;https://gradusnik.net/magnij-v-krovi-i-moche-analiz-normy-funkcii/
Фосфор (P);0-6 недель - 1,36-2,58 ммоль/л<br> 6 недель - 1 год -1,29-2,26 ммоль/л<br>1-15 лет - 1,16-1,90 ммоль/л<br>взрослые - 0,65-1,61 ммоль/л;https://gradusnik.net/fosfor-v-krovi-i-moche/
Адреналин;до 0,5 пмоль/л;NULL
Ангиотензин I;до 25 нг/л;NULL
Ангиотензин II;10-60 нг/л;NULL
Гастрин;28-115 МЕ/л;https://gradusnik.net/gastrin/
Глюкагон;25-250 нг/л<br>20-100 пг/мл;https://gradusnik.net/glyukagon/
Допамин ;до 0,4 пмоль/л;NULL
Инсулин ;до 25 мк ЕД/л<br>до 174 пмоль/л;https://gradusnik.net/analiz-krovi-na-insulin/
Инсулиноподобный фактор роста 1, ИФР-1;0-4 года 49-171 мкг/л<br>4-12 лет 76-499 мкг/л<br>12-15 лет - 247-396 мкг/л<br>15-16 лет - 249-642 мкг/л<br>16-20 лет - 271-550 мкг/л<br>20-24 года - 265-410 мкг/л<br>25-30 лет - 220-360 мкг/л<br>30-45 лет - 185-335 мкг/л<br>45-60 лет - 160-250 мкг/л<br>60-70 лет - 141-269 мкг/л<br>70-80 лет - 117-167 мкг/л;https://gradusnik.net/ifr-1-insulinopodobnyj-faktor-rosta-1/
Метанефрин ;0,14-0,54 нмоль/л;https://gradusnik.net/metanefriny-v-krovi-i-v-moche/
Мозговой натрийуретический пептид тип В;10-100 нг/л;https://gradusnik.net/mozgovoj-natrijureticheskij-peptid/
Норадреналин ;0,8-2,2 пмоль/л;NULL
Норметанефрин;0,13-0,79 нмоль/л;NULL
Паратгормон интактный;1,04-6,8 пмоль/л<br>15-65 пг/мл;https://gradusnik.net/paratgormon/
Паратгормон-подобный пептид;до 2,0 пмоль/л;https://gradusnik.net/paratgormon/
Плацентарный лактоген;5-38 неделя беременности - 23-509 нмоль/л;https://gradusnik.net/platsentarnyj-laktogen-pokazaniya-norma-i-rasshifrovka/
Предсердный натрийуретический пептид, ANP;1,5-11,3 пмоль/л;NULL
Простагландины E;71-564 мкг/л;NULL
Простагландины F;71-423 мкг/л;NULL
Секретин;12-75 нг/л;NULL
Серотонин ;мужчины - 40-400 мкг/л<br>женщины - 80-450 мкг/л;https://gradusnik.net/serotonin/
Эритропоэтин;мужчины - 9,6-26,0 МЕ/л<br>женщины - 11,0-30,0 МЕ/л;https://gradusnik.net/eritropoetin/
Ревматоидный фактор, IgG, IgA, IgM;до 25 МЕ/мл;https://gradusnik.net/revmatoidnyj-faktor/
АСЛО, антистрептолизин О;0-6 лет - 0-200 МЕ/мл<br>6-15 лет - 0-400 МЕ/мл<br>старше 15 лет - 0-200 МЕ/мл;https://gradusnik.net/aslo-antistreptolizin-o/
СРБ, С-реактивный белок;новорожденные - 0-15 мг/л<br>дети до 1 года - 0-10 мг/л<br>взрослые - 0-5 мг/л<br>хронический никотинизм - 0-20 мг/л<br>беременность - 0-20 мг/л<br>после физической нагрузки - 0-60 мг/л;https://gradusnik.net/c-reaktivnyj-belok/
Прокальцитонин;до 0,05 мг/л;https://gradusnik.net/prokalcitonin/
Общий билирубин;0-1 день - 0-38 мкмоль/л<br>1-2 дня - 0-85,5 мкмоль/л<br>3-10 дней - до 204 мкмоль/л<br>10 дней - 1 год - до 29 мкмоль/л<br>старше 1 года - до 17 мкмоль/л ;https://gradusnik.net/obshhij-bilirubin/
Прямой билирубин (коньюгированный);до 7 мкмоль/л;NULL
АЛТ, аланинаминотрансфераза;0-6 недель - 0,05-0,73 мкат/л<br>6 недель - 1 год - 0,05-0,85 мкат/л<br>1-15 лет - 0,05-0,6 мкат/л<br>взрослые - 0,1-0,78 мкат/л<br>0-6 недель - 5-43 Ед/л<br>6 недель - 1 год - 5-50 Ед/л<br>1-15 лет - 5-42 Ед/л<br>мужчины - 7-50 Ед/л<br>женщины - 5-44 Ед/л<br>старше 65 лет - 5-45 Ед/л;https://gradusnik.net/alt-alaninaminotransferaza1/
АСТ, аспартатаминотрансфераза;0-6 недель - 0,38-1,21 мкат/л<br>6 недель - 1 год - 0,27-0,97 мкат/л<br>1-15 лет - 0,10-0,63 мкат/л<br>взрослые - 0,05-0,72 мкат/л<br>0-6 недель - 22-70 Ед/л<br>************************<br>6 недель - 1 год - 15-60 Ед/л<br>1-15 лет - 6-40 Ед/л<br> мужчины до 65 лет - 5-50 Ед/л<br>женщины до 65 лет - 3-40 Ед/л<br>старше 65 лет - 3-40 Ед/л;https://gradusnik.net/ast-aspartataminotransferaza/
ГГТ, гамма-глутамилтрансфераза;0-6 недель - 0,37-3,0 мкат/л<br>6 недель - 1 год - 0,1-1,04 мкат/л<br>1-15 лет - 0,1-0,39 мкат/л<br>мужчины - 0,14-0,84 мкат/л<br>женщины - 0,14-0,68 мкат/л<br>************************<br>0-6 недель - 20-200 Ед/л<br>6 недель - 1 год - 6-60 Ед/л<br>1-15 лет - 6-23 Ед/л<br>мужчины - 8-55 Ед/л<br>женщины - 8-38;https://gradusnik.net/ggt-gamma-glutamiltransferaza/
ЩФ, щелочная фосфатаза;0-6 недель - 1,2-6,3 мкат/л<br>6 недель - 1 год - 1,4-8,0 мкат/л<br>1-10 лет - 1,2-6,2 мкат/л<br>10-15 лет - 1,35-7,5 мкат/л<br>взрослые - 0,66-2,2 мкат/л<br>0-6 недель - 70-370 Ед/л<br>6 недель - 1 год - 80-470 Ед/л<br>1-10 лет - 650-360 Ед/л<br>10-15 лет - 80-440 Ед/л<br>взрослые - 40-130 Ед/л<br>беременность - 70-250 Ед/л;https://gradusnik.net/shhelochnaya-fosfataza/
Общий белок;0-1 неделя - 46-70 г/л<br>1 неделя - 1 год - 51-73 г/л<br>1 - 2 года - 56-75 г/л<br>2 - 3 года - 58-78 г/л<br>3 - 15 лет - 60-80 г/л<br>взрослые - 65-85 г/л;https://gradusnik.net/obshhij-belok-krovi-2/
Альбумин;0-6 недель - 27-33 г/л<br>6 недель - 1 год - 30-43 г/л<br>от 1 года - 35-53 г/л;https://gradusnik.net/albumin-v-krovi/
Преальбумин;0,2-0,4 г/л;https://gradusnik.net/prealbumin/
Креатинин;0-6 недель - 12-48 ммоль/л<br>6 недель - 1 год - 21-55 ммоль/л<br>1-15 лет - 27-88 ммоль/л<br>мужчины - 44-110 ммоль/л<br>женщины - 44-104 ммоль/л;https://gradusnik.net/kreatinin-krovi/
Мочевина;0-6 недель - 1,7-5,0 ммоль/л<br>6 недель - 1 год - 1,4-5,4 ммоль/л<br>1-15 лет - 1,8-6,7 ммоль/л<br>мужчины - 2,8-8,0 ммоль/л<br>женщины - 2,0-6,7 ммоль/л;https://gradusnik.net/mochevina-v-krovi/
Мочевая кислота;0-6 недель - 143-340 ммоль/л<br>6 недель - 1 год - 120-340 ммоль/л<br>1-15 лет - 140-340 ммоль/л<br>мужчины - 220-420 ммоль/л<br>женщины - 140-340 ммоль/л;https://gradusnik.net/mochevaya-kislota/
Цистатин С;1-50 лет - 0,55-1,15 мг/л<br>старше 50 лет - 0,63-1,44 мг/л;NULL
C1 ингибитор;250-340 мг/л;NULL
Комплемент C1q;118-240 мг/л;NULL
Комплемент C1r ;25-100 мг/л;NULL
Комплемент C1s;50-100 мг/л;NULL
Комплемент C2;16-36 мг/л;NULL
Комплемент C3;0-3 месяца - 0,6-1,5 г/л<br>3-6 месяцев - 0,7-1,6 г/л<br>старше 6 месяцев - 0,9-1,8 г/л;NULL
Комплемент C4;0-3 месяца - 0,07-0,3 г/л<br>3-6 месяцев - 0,08-0,3 г/л<br>старше 6 месяцев - 0,1-0,4 г/л;NULL
C4 связывающий протеин;180-320 мг/л;NULL
Комплемент C5;55-113 мг/л;NULL
Комплемент C6;179-239 мг/л;NULL
Комплемент C7;27-74 мг/л;NULL
Комплемент C8;49-106 мг/л;NULL
Комплемент C9;33-95 мг/л;NULL
Комплемент фактор B;127-278 мг/л;NULL
Комплемент фактор D;1-5 мг/л;NULL
Комплемент фактор H;405-717 мг/л;NULL
Комплемент фактор I;25-50 мг/л;NULL
Гемолитическая активность комплемента, CH 100;392-1019 ед.;NULL
CD3;0-1 год - 58-67%<br>1-7 лет - 62-69%<br>7-18 лет - 66-76%<br>старше 18 лет - 59-84%;NULL
CD3-CD16,56+;0-1 год - 8-17%<br>1-7 лет - 8-15%<br>7-18 лет - 9-16%<br>старше 18 лет - 6-30%;NULL
CD3+HLA-DR+;0-1 год - 4-9%<br>1-7 лет - 6-16%<br>7-18 лет - 9,5-17%<br>старше 18 лет - 8-15%;NULL
CD4;0-1 год - 36-50%<br>1-7 лет - 30-40%<br>7-18 лет - 33-41%<br>старше 18 лет - 25-59%;NULL
CD8;0-1 год - 18-25%<br>1-7 лет - 25-32%<br>7-18 лет - 27-35%<br>старше 18 лет - 19-48%;NULL
CD19;0-1 год - 19-31%<br>1-7 лет - 21-28%<br>7-18 лет - 12-22%<br>старше 18 лет - 6-22%;NULL
HLA B27;отрицательно;NULL
Иммуноглобулин А, IgA;0-3 месяца - 0,05-0,5 г/л<br>3-6 месяцев - 0,08-0,8г/л<br>6 месяцев - 1 год - 0,3-1,4 г/л<br>1-2 года - 0,3-1,2 г/л<br>2-5 лет - 0,4-1,8 г/л<br>5-9 лет - 0,6-2,2 г/л<br>9-13 лет - 0,7-2,3 г/л<br>старше 13 лет - 0,7-4,0 г/л;NULL
Иммуноглобулин А1, IgA1;мужчины<br>18-30 лет - 1,26-2,35 г/л<br>31-40 лет - 1,22-2,12 г/л<br>41-50 лет - 1,17-2,17 г/л<br>51-65 лет - 1,36-2,49 г/л<br>старше 66 лет - 1,26-2,35 г/л<br>женщины<br>18-30 лет - 1,04-1,77 г/л<br>31-40 лет - 0,89-1,9 г/л<br>41-50 лет - 1,02-1,8 г/л<br>51-65 лет - 1,44-2,71 г/л<br>старше 66 лет - 1,03-1,91 г/л;NULL
Иммуноглобулин А2, IgA2;мужчины<br>18-30 лет - 0,22-0,43 г/л<br>31-40 лет - 0,31-0,57 г/л<br>41-50 лет - 0,29-0,68 г/л<br>51-65 лет - 0,36-0,67 г/л<br>старше 66 лет - 0,28-0,61 г/л<br>женщины<br>18-30 лет - 0,21-0,31 г/л<br>31-40 лет - 0,24-0,54 г/л<br>41-50 лет - 0,27-0,47 г/л<br>51-65 лет - 0,25-0,52 г/л<br>старше 66 лет - 0,24-0,47 г/л;NULL
Иммуноглобулин D, IgD;2-100 мМе/л;NULL
Иммуноглобулин E, IgE;0-1 год - 0-15 г/л<br>1-6 лет - 0-60 г/л<br>6-10 лет - 0-90 г/л<br>10-16 лет - 0-200 г/л<br>старше 16 лет - 0-100 г/л;NULL
Иммуноглобулин G, IgG;0-1 месяц - 7,0-16,0 г/л<br>1-4 месяца - 2,5-7,5 г/л<br>4-7 месяцев - 1,8-8,0 г/л<br>7 месяцев - 1 год - 3,0-10,0 г/л<br>1-3 года - 3,5-10,0 г/л<br>3-6 лет - 5,0 - 13,0 г/л<br>6-10 лет - 6,0-13,0 г/л<br>10-14 лет - 7,0-14,0 г/л<br>старше 14 лет - 7,0-16,0 г/л;NULL
Иммуноглобулин G1, IgG1;0-1 месяц - 2,4-10,6 г/л<br>1-4 месяца - 1,8-6,7 г/л<br>4-6 месяцев - 1,8-7,0 г/л<br>6-12 месяцев - 2,0-7,7 г/л<br>1-1,5 года -2,5-8,2 г/л<br>1,5-2 года - 2,9-8,5 г/л<br>2-3 года - 3,2-9,0 г/л<br>3-4 года - 3,5-9,4 г/л<br>4-6 лет - 3,7-10,0 г/л<br>6-9 лет - 4,0-10,8 г/л<br>9-12 лет - 4,0-11,5 г/л<br>12-18 лет - 3,7-12,8 г/л<br>старше 18 лет - 4,9-11,4 г/л;NULL
Иммуноглобулин G2, IgG2;0-1 месяц - 0,87-4,10 г/л<br>1-4 месяца - 0,38-2,10 г/л<br>4-6 месяцев - 0,34-2,10 г/л<br>6-12 месяцев - 0,34-2,30 г/л<br>1-1,5 года - 0,38-2,40 г/л<br>1,5-2 года - 0,45-2,6 г/л<br>2-3 года - 0,52-2,80 г/л<br>3-4 года - 0,30-3,00 г/л<br>4-6 лет - 0,72-3,40 г/л<br>6-9 лет - 0,85-4,10 г/л<br>9-12 лет - 0,98-4,80 г/л<br>12-18 лет - 1,06-6,10 г/л<br>старше 18 лет - 1,50-6,40 г/л;NULL
Иммуноглобулин G3, IgG3;0-1 месяц - 0,14-0,55 г/л<br>1-4 месяца - 0,14-0,70 г/л<br>4-6 месяцев - 0,15-0,80 г/л<br>6-12 месяцев - 0,15-0,97 г/л<br>1-1,5 года - 0,15-1,07 г/л<br>1,5-2 года - 0,5-1,13 г/л<br>2-3 года - 0,40-1,20 г/л<br>3-4 года - 0,13-1,26 г/л<br>4-6 лет - 0,13-1,33 г/л<br>6-9 лет - 0,13-1,42 г/л<br>9-12 лет - 0,15-1,49 г/л<br>12-18 лет - 0,18-1,63 г/л<br>старше 18 лет - 0,20-1,10 г/л;NULL
Иммуноглобулин G4, IgG4;0-1 месяц - 0,04-0,55 г/л<br>1-4 месяца - 0,00-0,36 г/л<br>4-6 месяцев - 0,00-0,23 г/л<br>6-12 месяцев - 0,00-0,43 г/л<br>1-1,5 года - 0,00-0,62 г/л<br>1,5-2 года - 0,00-0,79 г/л<br>2-3 года - 0,00-1,06 г/л<br>3-4 года - 0,00-1,27 г/л<br>4-6 лет - 0,00-1,58 г/л<br>6-9 лет - 0,00-1,80 г/л<br>9-12 лет - 0,03-2,10 г/л<br>12-18 лет - 0,04-2,30 г/л<br>старше 18 лет - 0,08-1,40 г/л;NULL
Иммуноглобулин M, IgM;0-1 месяц - 0,1-0,3 г/л<br>1-4 месяца - 0,1-0,7 г/л<br>4-7 месяцев - 0,2-1,0  г/л<br>7-12 месяцев - 0,3-1,0 г/л<br>1-3 года - 0,4-1,4 г/л<br>3-6 лет - 0,4-1,8 г/л<br>6-10 лет - 0,4-1,6 г/л<br>10-14 лет - 0,4-1,5 г/л<br>старше 14 лет - 0,4-2,3 г/л;NULL
Легкие цепи иммуноглобулинов каппа;1,7-3,7 г/л;NULL
Легкие цепи иммуноглобулинов каппа свободные, FLC k;3,3-19,4 мг/л;NULL
Легкие цепи иммуноглобулинов лямбда;0,9-1,9 г/л;NULL
Легкие цепи иммуноглобулинов лямбда свободные;5,7-26,3 мг/л;NULL
Лизоцим (мурамидаза);4-13 мг/л;NULL
Активность ренина в плазме;0,2-3,3 нг/(мл*час)<br>0,056-0,92 нг/л/сек<br>3,3-4,1 мкЕд/мл;https://gradusnik.net/renin/
Аполипопротеин A-I (apoA-I);мужчины - 1,0-1,7 г/л<br>женщины - 1,1-1,9 г/л;https://gradusnik.net/apolipoprotein-a/
Аполипопротеин A-II (apoA-II);0,4-0,5 г/л;https://gradusnik.net/apolipoprotein-a/
Аполипопротеин B (apoB);0,5-1,0 г/л;https://gradusnik.net/apolipoprotein-b/
Аспартатаминотрансфераза, АСТ;0-6 недель - 0,38-1,21 мкат/л<br>6 недель - 1 год - 0,27-0,97 мкат/л<br>1-15 лет - 0,10-0,63 мкат/л<br>взрослые - 0,05-0,72 мкат/л<br>0-6 недель - 22-70 Ед/л<br>************************<br>6 недель - 1 год - 15-60 Ед/л<br>1-15 лет - 6-40 Ед/л<br> мужчины до 65 лет - 5-50 Ед/л<br>женщины до 65 лет - 3-40 Ед/л<br>старше 65 лет - 3-40 Ед/л;https://gradusnik.net/ast-aspartataminotransferaza/
Гомоцистеин;5-15 мкмоль/л;https://gradusnik.net/gomocistein/
Коэффициент атерогенности;2-2,5<br>умеренный риск атеросклероза - 3-4<br>высокий риск атеросклероза - более 4;https://gradusnik.net/koefficient-aterogennosti/
Креатинкиназа ;0-6 недель - 1,26-6,66 мкат/л<br>6 недель - 1 год - 0,17-2,44 мкат/л<br>1-15 лет - 0,2-2,27 мкат/л<br>мужчины - 0,65-5,14 мкат/л<br>женщины - 0,43-3,21 мкат/л<br>0-4 недели - 75-390 Ед/л<br>1 месяц-15 лет – 11-135 Ед/л<br>мужчины - до 170 Ед/л<br>женщины - до 145 Ед/л;https://gradusnik.net/kreatinkinaza-sk/
Креатинкиназа MB;0-0,42 мкат/л<br>0-5 мг/л<br>0-025 Ед/л;https://gradusnik.net/kreatinkinaza-mb/
Лактатдегидрогеназа, ЛДГ;4-20 дней - 3,8-10,0 мкат/л<br>2-15 лет - 2,0-5,0 мкат/л<br>мужчины - 2,2-3,75 мкат/л<br>женщины - 2,2-3,55 мкат/л<br>1-30 дней - 135-750 Ед/л<br>1 -12 месяцев - 180-435 Ед/л<br>1-3 года - 160-370 Ед/л<br>4-6 лет - 145-345 Ед/л<br>7-9 лет - 143-290 Ед/л<br>10-12 лет - 120-293 Ед/л<br>13-15 лет - 110-283 Ед/л<br>16-17 лет - 105-233 Ед/л<br>старше 18 лет - 122-222 Ед/л;https://gradusnik.net/ldg-laktatdegidrogenaza/
Липопротеин (а);до 0,3 г/л;NULL
Миоглобин;мужчины - 17-105 мкг/л<br>женщины - 14-66 мкг/л;https://gradusnik.net/mioglobin/
Мозговой натрийуретический пептид тип В;10-100 нг/л;https://gradusnik.net/mozgovoj-natrijureticheskij-peptid/
Предсердный натрийуретический пептид, ANP;1,5-11,3 пмоль/л;NULL
Триглицериды;0-6 недель - 0,5-1,18 ммоль/л<br>6 недель - 1 год - 0,5-2,22 ммоль/л<br>1-15 лет - 0,5-2,22 ммоль/л<br>взрослые - 0,45-1,7 ммоль/л;https://gradusnik.net/trigliceridy-v-krovi/
Тропонин I;0-0,03 мкг/л, при инфаркте миокарда - выше 0,5 мкг/л;https://gradusnik.net/troponiny/
Тропонин T;0-0,05 мкг/л;https://gradusnik.net/troponiny/
Фосфолипиды;2,0-3,7 ммоль/л;NULL
Холестерин липопротеинов высокой плотности;дети до 15 лет - 1,0-1,8 ммоль/л<br>мужчины - 1,0-2,1 ммоль/л<br>женщины - 1,2-2,7 ммоль/л;https://gradusnik.net/lipoproteiny-vysokoj-plotnosti-xoroshij-xolesterin/
Холестерин липопротеинов низкой плотности;1,2-3,0 ммоль/л;https://gradusnik.net/lipoproteiny-nizkoj-plotnosti-ploxoj-xolesterol/
Холестерин липопротеинов очень низкой плотности;до 0,77 ммоль/л;https://gradusnik.net/lipoproteiny-ochen-nizkoj-plotnosti-ochen-ploxoj-xolesterol/
Холестерин общий;0-6 недель - 1,3-4,3 ммоль/л<br>6 недель - 1 год - 2,6-4,2 ммоль/л<br>1-15 лет - 2,6-5,8 ммоль/л<br>взрослые - до 5 ммоль/л<br>целевой уровень при высоком риске сердечно-сосудистых заболеваний - ниже 4,5 ммоль/л<br>целевой уровень при очень высоком риске сердечно-сосудистых заболеваний - ниже 4,0 ммоль/л;https://gradusnik.net/obshhij-xolesterin-v-krovi/
Электрофорез липопротеинов;альфа - 23-46%<br>пре-бета - 3-18%<br>бета - 42-63%<br>хиломикроны - 0-3%<br>липопротеин (а) - 0-3%;https://gradusnik.net/elektroforez-lipoproteidov/
Cурьма (Sb);1,15-7,39 нмоль/л;NULL
Алюминий (Al);до 0,2 мкмоль/л;NULL
Висмут (Bi);0,5-16,7 нмоль/л;NULL
Кадмий (Cd);не курящие - 2,7-10,7 нмоль/л<br>курящие - 5,3-34,7 нмоль/л;NULL
Кобальт (Co);1,9-7,6 нмоль/л;NULL
Молибден (Mo);1,0-31,3 нмоль/л;NULL
Мышьяк (As);токсическая концентрация более 0,31 мкмоль/л;NULL
Никель (Ni);2,4-17,0 нмоль/л;NULL
Ртуть (Hg);3,0-294,4 нмоль/л;NULL
Свинец (Pb);до 250 мкг/л;NULL
Селен (Se);0,74-2,97 мкмоль/л;NULL
Таллий (Tl);до 24,5 нмоль/л;NULL
Хром (Cr);14-538 нмоль/л;NULL
Медь свободная (Cu);до 1,6 ммоль/л;https://gradusnik.net/deficit-medi-v-organizme/
Медь (Cu);6-12 лет - 14,1-29,8 ммоль/л<br>12-15 лет - 12,6-25,1 ммоль/л<br>мужчины - 11,0-22,0 ммоль/л<br>женщины - 12,0-24,3 ммоль/л;https://gradusnik.net/deficit-medi-v-organizme/
Цинк (Zn);0-6 недель - 9,1-13,7 ммоль/л<br>6 недель - 1 год - 9,1-16,0 ммоль/л<br>1-60 лет - 9,1-13,7 ммоль/л<br>60-90 лет - 9,6-16,4 ммоль/л;NULL
Железо (Fe);0-6 недель - 11,0-36,0 ммоль/л<br>6 недель - 1 год - 6,0-28,0 ммоль/л<br>1-15 лет - 4,0-24,0 ммоль/л<br>мужчины - 7,2-29,0 ммоль/л<br>женщины - 6,6 - 28,0 ммоль/л;https://gradusnik.net/ferritin/
Гемоглобин;МУЖЧИНЫ<br>0-7 дней - 135-220 г/л<br>8-14 дней - 125-210 г/л<br>15-30 дней - 100-200 г/л <br>2-5 месяцев - 100-140 г/л<br>6-12 месяцев - 105-135 г/л<br>1-2 года - 110-140 г/л<br>3-5 лет - 110-145 г/л<br>6-11 лет - 120-140 г/л<br>12-15 лет -128-160 г/л<br>старше 16 лет – 135-175 г/л<br>ЖЕНЩИНЫ<br>0-7 дней - 135-220 г/л<br>8-14 дней - 125-210 г/л<br>15-30 дней - 100-200 г/л<br>2-5 месяцев - 100-140 г/л<br>6-12 месяцев - 105-135 г/л<br>1-2 года - 110-140 г/л<br>3-5 лет - 118-147 г/л<br>6-11 лет - 120-145 г/л<br>12-15 лет - 122-148 г/л<br>старше 16 лет - 120-155 г/л;https://gradusnik.net/gemoglobin-krovi/
Гематокрит;МУЖЧИНЫ<br>0-7 дней - 42-60%<br>8-14 дней - 39-60%<br>15-30 дней - 31-55%<br>2-5 месяцев - 28-42%<br>6-12 месяцев - 33-40%<br>1-2 года - 33-42%<br>3-5 лет - 33-43%<br>6-11 лет - 35,8-42,4%<br>12-15 лет - 37,3-47,3%<br>старше 16 лет - 38,8-50,0%<br>ЖЕНЩИНЫ<br>0-7 дней - 42-60%<br>8-14 дней - 39-60%<br>15-30 дней - 31-55%<br>2-5 месяцев - 28-42%<br>6-12 месяцев - 33-40%<br>1-2 года - 33-42%<br>3-5 лет - 35-44%<br>6-11 лет - 35,7-43%<br>12-15 лет - 36,3-43,4%<br>старше 16 лет - 34,9-44,5%;https://gradusnik.net/gematokrit/
Ретикулоциты (единицы измерения);0,77-2,36%<br>38,1-112,6*10<sup>12</sup>/л;https://gradusnik.net/retikulocity/
Железо;0-6 недель - 11,0-36,0 мкмоль/л<br>6 недель - 1 год - 6,0-28,0 мкмоль/л<br>1-15 лет - 4,0-24,0 мкмоль/л<br>мужчины - 7,2-29,0 мкмоль/л<br>женщины - 6,6 - 28,0 мкмоль/л;https://gradusnik.net/ferritin/
Ферритин;новорожденные - 25-200 нг/мл<br>до 6 месяцев - 200-600 нг/мл<br>6 месяцев - 15 лет - 7-140 нг/мл<br>женщины перед менопаузой - 12-150 нг/мл<br>І триместр беременности - 5-85 нг/мл<br>ІІ триместр беременности - 5-75 нг/мл<br>ІІІ триместр беременности - 5-45 нг/мл<br>женщины после менопаузы - 15-200 нг/мл<br>мужчины - 15 - 200нг/мл;https://gradusnik.net/ferritin/
Трансферрин;2,0-3,6 г/л;https://gradusnik.net/transferrin/
Растворимые рецепторы трансферрина;мужчины - 2,2-5,0 мг/л<br>женщины - 1,9-4,4 мг/л;https://gradusnik.net/rastvorimye-receptory-transferrina/
Общая железосвязывающая способность сыворотки крови, ОЖСС;45-72 мкмоль/л<br>250-400 мкг/дл;https://gradusnik.net/zhelezosvyazyvayushhaya-sposobnost-syvorotki-krovi/
Латентная железосвязывающая способность сыворотки крови, ЛЖСС;мужчины 12-43 мкмоль/л<br>женщины 13-56 мкмоль/л<br>120-470 мкг/дл;https://gradusnik.net/zhelezosvyazyvayushhaya-sposobnost-syvorotki-krovi/
% насыщения трансферрина ;мужчины 15-50%<br>женщины 12-45%;NULL
Фолиевая кислота, витамин В9 ;3,1-17,5 нг/мл;https://gradusnik.net/analiz-krovi-na-folievuyu-kislotu/
Кислота фолиевая в эритроцитах;176-589 нг/мл (после перерассчета на гематокрит);NULL
Витамин В12, цианокобаламин;191-663 нг/л<br>180-900 пг/л;https://gradusnik.net/analiz-krovi-na-vitamin-b12/
Эритропоэтин, EPO;мужчины - 9,6-26,0 МЕ/л<br>женщины - 11,0-30,0 МЕ/л;https://gradusnik.net/eritropoetin/
Проба Кумбса;отрицательно;https://gradusnik.net/proba-kumbsa/
CA 125, онкомаркер яичников;до 46 Ед/мл;https://gradusnik.net/onkomarker-yaichnikov-ca-125/
CA 15-3, онкомаркер молочной железы;до 30 Ед/мл;https://gradusnik.net/onkomarker-molochnoj-zhelezy-ca15-3/
CA 19-9, онкомаркер поджелудочной железы;до 35 Ед/мл;https://gradusnik.net/onkomarker-ca-19-9/
CA 72-4, онкомаркер желудка;до 6,9 Ед/мл;https://gradusnik.net/onkomarker-zheludka-ca-72-4/
CYFRA, цитокератиновый фрагмент 21-1, онкомаркер легких;до 3,3 мкг/л;https://gradusnik.net/onkomarker-cyfra-21-1/
HE 4, онкомаркер яичников;в предменопаузе — до 70 пмоль/л<br>в постменопаузе — до 140 пмоль/л;https://gradusnik.net/onkomarker-yaichnikov-he4/
Индекс ROMA;в предманопаузе<br>≥ 11,4 % - высокий риск эпителиального рака яичников<br>< 11,4 % - низкий риск<br>в постменопаузе<br>≥ 29,9 % - высокий риск <br>< 29,9 % - низкий риск ;https://gradusnik.net/onkomarker-yaichnikov-he4/
NSE, нейрон-специфическая энолаза;до 16,3 мкг/л;https://gradusnik.net/onkomarker-nse-nejronspetsificheskaya-enolaza/
SCC, антиген плоскоклеточной карциномы, онкомаркер шейки матки;до 2 мкг/л;https://gradusnik.net/onkomarker-shejki-matki-scc/
АФП, альфа-фетопротеин ;до 10,5 мкг/л<br>до 8 МЕ/л;https://gradusnik.net/afp-alfa-fetoprotein/
Белок S-100 b, онкомаркер меланомы;до 0,11 мкг/л;https://gradusnik.net/belok-s100/
Бета-2-микроглобулин ;1,0-2,4 мг/л;https://gradusnik.net/beta-2-mikroglobulin/
Простатическая кислая фосфатаза ;до 43 нкат/л<br>до 3,5 мкг/л;NULL
ПСА свободный, простатический специфический антиген свободный, онкомаркер простаты;до 2,5%;https://gradusnik.net/prostatospecificheskij-antigen-psa/
ПСА, простатический специфический антиген, онкомаркер простаты;0-40 лет - до 1,4 мкг/л<br>40-50 лет - до 2,0 мкг/л<br>50-60 лет - до 3,1 мкг/л60-70 лет - до 4,1 мкг/л<br>старше 70 лет - более 4,4 мкг/л;https://gradusnik.net/prostatospecificheskij-antigen-psa/
ПСА индекс ;25-100%;https://gradusnik.net/prostatospecificheskij-antigen-psa/
РЭА, раково-эмбриональный антиген;до 5 мкг/л;https://gradusnik.net/rea-rakovyj-embrionalnyj-antigen/
Тиреоглобулин;до 40 мкг/л;https://gradusnik.net/tireoglobulin-onkomarker-shhitovidnoj-zhelezy/
ХГЧ, хорионический гонадотропин человека;до 10 Ед/л;https://gradusnik.net/onkomarker-hgch-pokazaniya-norma-i-rasshifrovka/
ТТГ, тиреотропный гормон ;3 дня - 10 недель - 1,1-17,0 мМЕ/л<br>10 недель - 14 месяцев - 0,6-10,0 мМЕ/л<br>14 месяцев - 5 лет - 0,4-7,0 мМЕ/л<br>5-14 лет - 0,4-6,0 мМЕ/л<br>14-18 лет - 0,5-5,0 мМЕ/л<br>взрослые - 0,27-4,2 мМЕ/л<br>в первом триместре беременности - 0,1-2,5 мМЕ/л<br>во втором триместре беременности - 0,1-3,0 мМЕ/л<br>в третьем триместре беременности - 3,5 мМЕ/л;NULL
Т4 свободный, тироксин свободный;12-22 пмоль/л;NULL
Т4 общий, тироксин общий;60-150 пмоль/л;NULL
Т3 общий, трийодтиронин общий;0,9-3,0 пмоль/л;NULL
Т3 свободный, трийодтиронин свободный;0-6 день - 2,65-9,68 пмоль/л<br>6 дней - 3 месяца - 3,0-9,28 пмоль/л<br>3 месяца - 1 год - 3,3-8,95 пмоль/л<br>1-6 лет - 3,69-8,46 пмоль/л<br>6-11 лет - 3,88-8,02 пмоль/л<br>11-15 лет - 3,93-7,7 пмоль/л<br>взрослые - 3,1-6,8 пмоль/л;NULL
Т3 реверсивный;0-1 месяц - 1,28-3,22 пмоль/л<br>1 месяц - 15 лет - 0,15-0,54 пмоль/л<br>взрослые 0,15-0,43 пмоль/л;NULL
Тироксин-связывающий глобулин;0-1 месяц - 26,1-42,5 мг/л<br>1 месяц - 1 год - 15,6-43,2 мг/л<br>1-15 лет - 14,7-36,3 мг/л<br>15-50 лет - 11,3-28,9 мг/л<br>старше 50 лет - 10,9-34,9 мг/л<br>беременные женщины - 16,4-64,4 мг/л<br>женщины, принимающие гормональные противозачаточные препараты - 21,0-41,8 мг/л;NULL
Тиреоглобулин;до 40 мкг/л;https://gradusnik.net/tireoglobulin-onkomarker-shhitovidnoj-zhelezy/
АТПО, антитела к пероксидазе щитовидной железы;до 35 МЕ/мл;NULL
АМС антитела, антимикросомальные антитела;до 10 МЕ/мл;NULL
АТТГ, антитела к тиреоглобулину;до 20 МЕ/мл;https://gradusnik.net/antitela-k-tireoglobulinu-pokazaniya-norma-i-rasshifrovka/
АТрТТГ, антитела к рецепторам ТТГ;до 1,75 МЕ/л;NULL
Кальцитонин;мужчины - до 8,4 нг/л<br>женщины - до 5,0 нг/л;https://gradusnik.net/kalcitonin-onkomarker-shhitovidnoj-zhelezy/
Тиролиберин, тиреотропин-рилизинг-гормон;новорожденные - до 78 нг/л<br>взрослые - 5-60 нг/л;NULL
Антитела к рецепторам ацетилхолина, ACHR;отрицательно;NULL
Антитела к базальной мембране гломерулярного аппарата, GBM;отрицательно;NULL
Антитела к С1q фактору комплемента, anti-C1q;0-10 Ед/л;NULL
Антитела к бета-2-гликопротеину IgG;0-5 Ед/л;NULL
Антитела к бета-2-гликопротеину IgM;0-5 Ед/л;NULL
Антитела к центромерам, ACAb;отрицательно;NULL
Антитела к цитоплазме нейтрофилов, anti PR3;0-5 Ед/л;https://gradusnik.net/antinejtrofilnye-antitela/
Антитела к цитоплазме нейтрофилов, anti MPO;0-5 Ед/л;https://gradusnik.net/antinejtrofilnye-antitela/
Антитела к цитоплазме нейтрофилов, anti BPI+PR3;0-15 Ед/л;https://gradusnik.net/antinejtrofilnye-antitela/
Антитела к цитоплазме нейтрофилов - лактоферрин, эластаза, лизоцим, катепсин G, MPO;0-15 Ед/л;https://gradusnik.net/antinejtrofilnye-antitela/
Антитела к декарбоксилазе глутамовой кислоты, antiGAD;0-1,45 Ед/л;NULL
Антитела к десмосомам и базальной мембране эпидермиса;отрицательно;NULL
Антитела к двухцепочечной ДНК, dsDNA;отрицательно;https://gradusnik.net/antitela-k-dvuxcepochechnoj-dnk/
Антитела к эндомизию IgA, IgG;отрицательно;https://gradusnik.net/antitela-k-endomiziyu/
Антитела к эндотелию, AECA;отрицательно;NULL
Антитела к экстрагируемому ядерному антигену, Ag-anti-ENA;отрицательно;NULL
Антитела к фосфолипидам, APLA, IgG, IgM;отрицательно;NULL
Антитела к париетальным клеткам желудка, GPCAb;отрицательно;https://gradusnik.net/antitela-k-parietalnym-kletkam-zheludka/
Антитела к гладкой мускулатуре, ASMAb;отрицательно;NULL
Антитела к ядерным антигенам, ANA;отрицательно;https://gradusnik.net/antinuklearnye-antitela/
Антитела к кардиолипину, IgG;0-10 МЕ/л;NULL
Антитела к кардиолипину, IgM;0-7 МЕ/л;NULL
Антитела к скелетным мышцам, AScMAb;отрицательно;NULL
Антитела к микросомам, anti LKM;отрицательно;NULL
Антитела к митохондриям, AMAb;отрицательно;NULL
Антитела к миелин-ассоциированному гликопротеину, anti-MAG;отрицательно;NULL
Антитела к надпочечникам;отрицательно;NULL
Антитела к нейронам, anti Hu, anti Ri;отрицательно;NULL
Антитела к нуклеосомам;отрицательно;NULL
Антитела к яичникам;отрицательно;NULL
Антитела к окисленным липопротеинам низкой плотности;отрицательно;NULL
Антитела к островковым клеткам поджелудочной железы;отрицательно;NULL
Антитела к тиропероксидазе, TPO;0-35 МЕ/л;NULL
Антитела к бокаловидным клеткам кишечника;отрицательно;NULL
Антитела к клеткам Пуркинье;отрицательно;NULL
Антитела к ретикулину;отрицательно;NULL
Антитела к мышечной тирозинкиназе, MuSK;отрицательно;NULL
Антитела к тканевой трансглутаминазе;отрицательно;https://gradusnik.net/antitela-k-tkanevoj-transglutaminaze/
Антитела к внутреннему уху;отрицательно;NULL
Антитела к блестящей оболочке яйцеклетки, zona pellucida;отрицательно;NULL
Антитела к экзогенному инсулину;4,1-5,5%;NULL
Антитела к глиадину IgA;0-12 мЕ/л;https://gradusnik.net/antitela-k-gliadinu/
Антитела к глиадину IgG;0-12 мЕ/л;https://gradusnik.net/antitela-k-gliadinu/
Антитела к хеликобактер пилори IgG;0-10 МЕ/л;NULL
Антитела к белку коровьего молока IgG, IgA;отрицательно;NULL
Антитела к сперматозоидам;0-60 МЕ/л;NULL
Антитела к эритроцитам по системе ABO;отрицательно;NULL
Антитела к Rh-антигену;отрицательно;NULL
цвет, однородность;беловато-серый, однородный;https://gradusnik.net/analizy-spermy-i-spermogramma/
объем эякулята;1,5- 6 мл;https://gradusnik.net/analizy-spermy-i-spermogramma/
вязкость;< 2 см;https://gradusnik.net/analizy-spermy-i-spermogramma/
время разжижения;< 60 мин;https://gradusnik.net/analizy-spermy-i-spermogramma/
pH;7,2-7,8;https://gradusnik.net/analizy-spermy-i-spermogramma/
концентрация сперматозоидов (млн/мл);> 15 млн/мл;https://gradusnik.net/analizy-spermy-i-spermogramma/
общее количество сперматозоидов в эякуляте  (млн на эякулят);> 39 млн;https://gradusnik.net/analizy-spermy-i-spermogramma/
агглютинация сперматозоидов;нет;https://gradusnik.net/analizy-spermy-i-spermogramma/
жизнеспособность сперматозоидов (%);> 58%;https://gradusnik.net/analizy-spermy-i-spermogramma/
эритроциты;нет;https://gradusnik.net/analizy-spermy-i-spermogramma/
лейкоциты (млн/мл);< 1 млн/мл;https://gradusnik.net/analizy-spermy-i-spermogramma/
прогрессивно-подвижные (PR, %);> 32%;https://gradusnik.net/analizy-spermy-i-spermogramma/
общая подвижность (PR+NP, %);> 40%;https://gradusnik.net/analizy-spermy-i-spermogramma/
нормальные сперматозоиды (%);> 4%;https://gradusnik.net/analizy-spermy-i-spermogramma/
цинк;> 2,4мкмоль/пробе;https://gradusnik.net/analizy-spermy-i-spermogramma/
лимонная кислота;> 52 мкмоль/пробе<br> > 10 мг/пробе;https://gradusnik.net/analizy-spermy-i-spermogramma/
фруктоза;> 13 мкмоль/пробе;https://gradusnik.net/analizy-spermy-i-spermogramma/
MAR-тест;< 50%;https://gradusnik.net/analizy-spermy-i-spermogramma/
immunobead-тест;< 50%;https://gradusnik.net/analizy-spermy-i-spermogramma/
Фибриноген, I фактор свертываемости;новорожденные - 1,23-3,0 г/л<br>взрослые - 2-4 г/л;https://gradusnik.net/fibrinogen-chto-eto-analiz-normy-prichiny-povysheniya/
Тромбиновое время;11-16 секунд;NULL
Протромбиновый индекс;95-105%;https://gradusnik.net/pti-protrombinovyj-indeks/
Протромбиновое время ;9,4-12,5 секунд;https://gradusnik.net/ptv-protrombinovoe-vremya/
МНО, международное нормализованное отношение;0,9-1,1<br>стандартное лечение варфарином (мерцательная аритмия, тромбоз глубоких вен) - 2,0-3,0<br>интенсивное лечение варфарином (антифосфолипидный синдром, механический протез клапана сердца)- 2,5-3,5;https://gradusnik.net/mno-mezhdunarodnoe-normalizovannoe-otnoshenie/
Активированное частичное тромбопластиновое время, АЧТВ;28-40 секунд;https://gradusnik.net/achtv-aktivirovannoe-chastichnoe-tromboplastinovoe-vremya/
D-димер;до 0,25 мг/л<br>до 0,5 мг/л FEU;https://gradusnik.net/d-dimer/
Растворимые фибрин-мономерные комплексы;отрицательно;NULL
Антитромбин III;70-140%;https://gradusnik.net/antitrombin-iii/
Протеин С;активность - 70-130%<br>количество - более 3 мг/мл или 60 нмоль/л;https://gradusnik.net/protein-c/
Протеин S;активность общего протеина S - 60-140%, свободного - 65-115%<br>количество - у мужчины более 70, у женщин более 63 Ед/дл;https://gradusnik.net/protein-s/
Волчаночный антикоагулянт;0,8-1,2 условные единицы;https://gradusnik.net/volchanochnyj-antikoagulyant/
Анти-Xa;профилактическая концентрация - 0,2-0,4 Е/мл<br>терапевтическая концентрация - 0,5-1,2 Е/мл;https://gradusnik.net/anti-xa/
Активированное время рекальцификации плазмы;1-2 минуты;NULL
Время свертывания крови Ли-Уайту;2-7 минут;NULL
Время кровотечения по Сухареву;30-120 секунд;NULL
Время кровотечения по Дуке ;1-3 минуты;NULL
Время кровотечения по Айви;3-6 минут;NULL
Плазминоген;75-150%;NULL
II фактор свертывания, протромбин ;75-145%;NULL
V фактор свертывания, проакцелерин;70-165%;https://gradusnik.net/faktor-v/
VII фактор свертывания, проконвертин; 65-180%;NULL
VIII фактор свертывания, антигемофильный глобулин;22-200%;https://gradusnik.net/albumin-v-krovi/
IX фактор свертывания, фактор Кристмаса;65-140%;NULL
X фактор свертывания, фактор Стюарта-Прауэра;70-150%;NULL
XI фактор свертывания, фактор Розенталя;55-150%;NULL
XII фактор свертывания, фактор Хагемана;55-180%;NULL
Фактор фон Виллебранда;антиген фактора фон Виллебланда (vWF:Ag) - 0,5-1,6<br>функция фактора фон Виллебранда (FVIIIR:Rco) - 0,5-1,5;https://gradusnik.net/faktor-fon-villebranda/
Холестерин общий;0-6 недель - 1,3-4,3 ммоль/л<br>6 недель - 1 год - 2,6-4,2 ммоль/л<br>1-15 лет - 2,6-5,8 ммоль/л<br>взрослые - до 5 ммоль/л<br>целевой уровень при высоком риске сердечно-сосудистых заболеваний - ниже 4,5 ммоль/л<br>целевой уровень при очень высоком риске сердечно-сосудистых заболеваний - ниже 4,0 ммоль/л;https://gradusnik.net/obshhij-xolesterin-v-krovi/
Холестерин липопротеинов высокой плотности;дети до 15 лет - 1,0-1,8 ммоль/л<br>мужчины - 1,0-2,1 ммоль/л<br>женщины - 1,2-2,7 ммоль/л;https://gradusnik.net/lipoproteiny-vysokoj-plotnosti-xoroshij-xolesterin/
Холестерин липопротеинов низкой плотности;1,2-3,0 ммоль/л;https://gradusnik.net/lipoproteiny-nizkoj-plotnosti-ploxoj-xolesterol/
Холестерин липопротеинов очень низкой плотности;до 0,77 ммоль/л;https://gradusnik.net/lipoproteiny-ochen-nizkoj-plotnosti-ochen-ploxoj-xolesterol/
Коэффициент атерогенности;2-2,5<br>умеренный риск атеросклероза - 3-4<br>высокий риск атеросклероза - более 4;https://gradusnik.net/koefficient-aterogennosti/
Триглицериды;0-6 недель - 0,5-1,18 ммоль/л<br>6 недель - 1 год - 0,5-2,22 ммоль/л<br>1-15 лет - 0,5-2,22 ммоль/л<br>взрослые - 0,45-1,7 ммоль/л;https://gradusnik.net/trigliceridy-v-krovi/
Аполипопротеин A-I (apoA-I);мужчины - 1,0-1,7 г/л<br>женщины - 1,1-1,9 г/л;https://gradusnik.net/apolipoprotein-a/
Аполипопротеин A-II (apoA-II);0,4-0,5 г/л;https://gradusnik.net/apolipoprotein-a/
Аполипопротеин B (apoB);0,5-1,0 г/л;https://gradusnik.net/apolipoprotein-b/
Липопротеин (а);до 0,3 г/л;NULL
Электрофорез липопротеинов;альфа - 23-46%<br>пре-бета - 3-18%<br>бета - 42-63%<br>хиломикроны - 0-3%<br>липопротеин (а) - 0-3%;https://gradusnik.net/elektroforez-lipoproteidov/
Фосфолипиды;2,0-3,7 ммоль/л;NULL
Цвет мочи;светло-желтый;NULL
Прозрачность;прозрачная;NULL
Уретральные волокна;не выявлены;NULL
Относительная плотность;1015-1025;NULL
рН, кислотность;5-7;NULL
Нитриты;не обнаружено;NULL
Белок;не обнаружен;NULL
Глюкоза;не обнаружена;https://gradusnik.net/glyukoza-v-krovi/
Кетоновые тела;не обнаружено;https://gradusnik.net/ketonovye-tela-v-krovi-i-v-moche/
Уробилиноген;не обнаружено;NULL
Билирубин;не обнаружено;NULL
Гемоглобин;не обнаружено;https://gradusnik.net/gemoglobin-krovi/
Желчные кислоты;не обнаружено;NULL
Индикан;не обнаружено;NULL
Эритроциты;женщины - 0-3 в поле зрения<br>мужчины - 0-1 в поле зрения;https://gradusnik.net/eritrocity-krovi/
Лейкоциты;женщины - 0-6 в поле зрения<br>мужчины - 0-3 в поле зрения;NULL
Плоский эпителий;единичные клетки в поле зрения;NULL
Переходной эпителий;единичные клетки в поле зрения;NULL
Почечный эпителий;не обнаружено;NULL
Цилиндры;не обнаружено;NULL
Фибрин;не обнаружено;NULL
Эластические волокна;не обнаружено;NULL
Дрожжи;не обнаружено;NULL
Бактерии;не обнаружено;NULL
Соли в моче;не обнаружено;NULL
Слизь в моче;незначительное количество;NULL
Альфа-амилаза общая;0,47-1,67 мкат/л<br>0-30 дней - 0-6 Ед/л<br>1-6 месяцев - 1-17 Ед/л<br>6-12 месяцев - 6-44 Ед/л<br>1-3 года - 8-79 Ед/л<br>4-17 лет - 21-110 Ед/л<br>старше 18 лет - 26-102 Ед/л;https://gradusnik.net/amilaza-v-krovi-i-moche/
Альфа-амилаза панкреатическая;0,22-0,88 мкат/л<br>0-2 года - 0-20 Ед/л<br>2-18 лет - 9-35 Ед/л<br>старше 18 лет - 11-54 Ед/л;https://gradusnik.net/amilaza-v-krovi-i-moche/
Эластаза поджелудочной железы;0-3,5 нг/мл;NULL
Химотрипсин;до 10 мкг/л;NULL
Липаза поджелудочной железы;0-1 мкат/л<br>10-73 Ед/л;https://gradusnik.net/lipaza-podzheludochnoj-zhelezy/
Инсулин ;до 25 мк ЕД/л<br>до 174 пмоль/л;https://gradusnik.net/analiz-krovi-na-insulin/
Проинсулин;1,1-6,9 пмоль/л;NULL
C-пептид;0,37-1,47 нмоль/л<br>1,1-4,4 нг/мл;https://gradusnik.net/c-peptid/
Глюкагон;25-250 нг/л<br>20-100 пг/мл;https://gradusnik.net/glyukagon/
Панкреатический полипептид;20-29 лет - 26-158 нг/л<br>30-39 лет - 55-285 нг/л<br>40-49 лет - 64-243 нг/л<br>старше 50 лет - 51-326 нг/л;NULL
Вазоактивный интестинальный полипептид;до 50 нг/л;NULL
Глюкоза;3,9-5,5 ммоль/л<br>на 120 минуте глюкозотолерантного теста - до 7,8 ммоль/л;https://gradusnik.net/glyukoza-v-krovi/
Гликированный гемоглобин, HbA1с ;28-40 ммоль/моль<br>2,8-4,0 %<br>преддиабет - 41-47 ммоль/моль<br>сахарный диабет - более 48 ммоль/моль<br>компенсированный сахарный диабет - до 53 ммоль/моль ;https://gradusnik.net/glikirovannyj-gemoglobin-v-krovi/
Фруктозамин;200-285 мкмоль/л;NULL
pH крови;0-6 недель - 7,33-7,49<br>6 недель - 1 год - 7,43-7,46<br>старше 1 года - 7,36-7,44;https://gradusnik.net/rasshifrovka-rezultata-gazovogo-sostava-krovi/
Парциальное давление углекислого газа, pCO2;0-6 недель - 3,56-5,37 кПа<br>6 недель - 1 год - 3,51-5,48 кПа<br>мужчины 1-15 лет - 4,8-6,14 кПа<br>мужчины старше 15 лет - 4,8-6,4 кПа<br>женщины старше 1 года - 4,4-5,73 кПа<br>35-45 мм.рт.ст. в артериальной крови<br>46-58 мм.рт.ст. в венозной крови;https://gradusnik.net/rasshifrovka-rezultata-gazovogo-sostava-krovi/
Парциальное давление кислорода, pO2;0-6 недель - 8,0-10,1 кПа<br>старше 6 недель - 10,4-14,3 кПа;https://gradusnik.net/rasshifrovka-rezultata-gazovogo-sostava-krovi/
Актуальный бикарбонат крови, АВ - Actual bicarbonate;22-26 ммоль/л;https://gradusnik.net/rasshifrovka-rezultata-gazovogo-sostava-krovi/
Стандартный бикарбонат крови, SB - Standart bicarbonate;22-26 ммоль/л;https://gradusnik.net/rasshifrovka-rezultata-gazovogo-sostava-krovi/
Смещение буферных оснований, BE - base excess;±2,0 ммоль/л;https://gradusnik.net/rasshifrovka-rezultata-gazovogo-sostava-krovi/
Дефицит оснований, ВВ - buffer bases;44-53 ммоль/л;https://gradusnik.net/rasshifrovka-rezultata-gazovogo-sostava-krovi/
Сатурация крови кислородом О2;94-99%;https://gradusnik.net/rasshifrovka-rezultata-gazovogo-sostava-krovi/
Общий СО2;23-27 ммоль/л;https://gradusnik.net/rasshifrovka-rezultata-gazovogo-sostava-krovi/
Ацетаминофен (парацетамол);терапевтическая концентрация 10-30 мг/л;NULL
N-ацетилпрокаинамид;терапевтическая концентрация 18-108 мкмоль/л;NULL
Амикацин;терапевтическая концентрация<br>перед введением 2,0-5,0 мг/л<br>после введения 20,0-25,0 мг/л;NULL
Амиодарон ;терапевтическая концентрация 1,0-2,5 мг/л;NULL
Амитриптилин ;терапевтическая концентрация 50-300 мг/л<br>токс.к. 500-600 мг/л<br>смерт.к. 1500-2000 мг/л;NULL
Амобарбитал ;тер.к. 4-22 мкмоль/л<br>токс.к. более 44 мкмоль/л;NULL
Амфетамин ;тер.к. 148-222 нмоль/л;NULL
Барбитураты;в моче до 200 мкмоль/л;NULL
Бензодиазепины;тер.к. до 200 мкг/л;NULL
Бензол ;токс.к. более 13 мкмоль/л;NULL
Вальпроат;тер.к. 347-693 мкмоль/л;NULL
Ванкомицин;тер.к. на пике 20-40 мг/л;NULL
Варфарин ;тер.к. 3-32 мкмоль/л;NULL
Галоперидол;тер.к. 2,7-26,6 нмоль/л;NULL
Гексахролофен;дети - до 0,448 мкмоль/л<br>врослые - до 0,219 мкмоль/л;NULL
Гентамицин;тер.к. 25-12 мг/л;NULL
Гидроморфон;тер.к. 4-10,5 нмоль/л<br>токс.к. более 350 нмоль/л;NULL
Глутетимид;тер.к. 9-28 мкмоль/л;NULL
Десипрамин;тер.к. 281-1125 нмоль/л<br>токс.к. более 1500 нмоль/л;NULL
Диазепам;тер.к. 20-2000 мкг/л<br>токс.к. 3000-5000 мкг/л;NULL
Дигитоксин;тер.к. 2-5 нмоль/л<br>токс.к. более 5,1 нмоль/л;NULL
Дигоксин;тер.к.<br>0-15 лет - 1,4-2,1 нмоль/л<br>старше 15 лет - 1,25-2,5 нмоль/л;NULL
Диэтиламид лизергиновой кислоты, ЛСД;токс.к. 15-28 нмоль/л;NULL
Доксепин;тер.к. 537-895 нмоль/л<br>токс.к. более 1790 нмоль/л;NULL
Золото;тер.к. 5,1-10,2 мкмоль/л;NULL
Ибупрофен;тер.к. 49-243 мкмоль/л<br>токс.к. более 485 мкмоль/л;NULL
Изониазид ;тер.к. 7-51 мкмоль/л <br>токс.к. более 145 мкмоль/л;NULL
Имипрамин;тер.к. 536-893 нмоль/л<br>токс.к. более 1785 нмоль/л;NULL
Канамицин;тер.к. на пике 52-72 ммоль/л;NULL
Карбамазепин;тер.к. 8-12 мг/л<br>токс.к. более 15 мг/л;NULL
Клоназепам;тер.к. 48-190 нмоль/л<br>токс.к. более 254 нмоль/л;NULL
Клонидин;тер.к. 4,4-8,7 нмоль/л;NULL
Клоразепат;тер.к. 0,36-3,01 мкмоль/л;NULL
Кодеин ;тер.к. 33-334 нмоль/л<br>токс.к. более 668 нмоль/л;NULL
Кокаин;токс.к. более 3300 нмоль/л;NULL
Кофеин;тер.к. 15-77 мкмоль/л<br>токс.к. более 258 мкмоль/л;NULL
Лидокаин ;тер.к. 6,4-26,0 мкмоль/л<br>токс.к. 26,0-34,2 мкмоль/л<br>смерт.к. более 34,2 мкмоль/л;NULL
Литий ;тер.к. 0,3-1,3 ммоль/л;NULL
Лоразепам;тер.к. 156-746 нмоль/л;NULL
Меперидин;тер.к. 1,62-2,83 мкмоль/л<br>токс.к. более 4,04 мкмоль/л;NULL
Мепробамат;тер.к. 28-55 мкмоль/л<br>токс.к. более 275 мкмоль/л;NULL
Метадон;тер.к. 0,32-1,29 мкмоль/л<br>токс.к. более 6,46 мкмоль/л;NULL
Метаквалон;тер.к. 8-12 мкмоль/л<br>токс.к. более 40 мкмоль/л;NULL
Метамфетамин;тер.к. 0,07-0,34 мкмоль/л<br>токс.к. более 3,35 мкмоль/л;NULL
Метанол;до 0,05 ммоль/л<br>токс.к. более 0,24 ммоль/л;NULL
Метилдопа;тер.к. 4,7-23,7 мкмоль/л<br>токс.к. более 33 мкмоль/л;NULL
Морфин;тер.к. 35-280 нмоль/л<br>токс.к. более 700 нмоль/л;NULL
Нетилмицин;тер.к. на пике 17-21 мкмоль/л<br>токс.к. на пике более 21 мкмоль/л;NULL
Нортриптилин;тер.к. 190-570 нмоль/л<br>токс.к. более 1900 нмоль/л;NULL
Оксазепам;тер.к. 0,7-4,9 мкмоль/л;NULL
Оксикодон;тер.к. 32-317 нмоль/л<br>токс.к. более 634 нмоль/л;NULL
Паральдегид;тер.к. для седации - 76-757 мкмоль/л<br>тер.к. для анестезии - более 1514 мкмоль/л<br>смерт.к. более 3785 мкмоль/л;NULL
Пентазоцин;тер.к. 0,4-1,5 мкмоль/л<br>токс.к. более 7,6 мкмоль/л;NULL
Пентахлорофенол;до 3,8 мкмоль/л;NULL
Пентобарбитал;тер.к. для засыпания 4-22 мкмоль/л<br>тер.к. для терапевтической комы 8-221 мкмоль/л;NULL
Примидон;тер.к. 23-55 мкмоль/л<br>токс.к. более 69 мкмоль/л;NULL
Прокаинамид;тер.к. 17-42 мкмоль/л;NULL
Пропоксифен;тер.к. 0,3-1,2 мкмоль/л<br>токс.к. более 1,5 мкмоль/л;NULL
Пропранолол;тер.к. 77-386 нмоль/л;NULL
Протриптилин;тер.к. 266-988 нмоль/л<br>токс.к. более 1900 нмоль/л;NULL
Салицилаты;тер.к.: как обезболивающее и жароснижающее - до 0,72 мкмоль/л<br>при воспалении - 1,09-2,17 мкмоль/л<br>смерт.к. : через 24 часа после последней дозы или при хроническом потреблении - более 3,62 мкмоль/л;NULL
Секобарбитал;тер.к.  4,2-8,4 мкмоль/л<br>токс.к. более 21 мкмоль/л;NULL
Теофилин;тер.к. 56-112 мкмоль/л;NULL
Толбутамид;тер.к. 299-888 мкмоль/л<br>токс.к. более 2368 мкмоль/л;NULL
Фенацетин;тер.к. 6-167 мкмоль/л<br>токс.к. 279-1395 мкмоль/л;NULL
Фенилбутазон;тер.к. 154-308 мкмоль/л;NULL
Фенитоин ;тер.к. 40,0-79,0 мкмоль/л;NULL
Фенобарбитал;тер.к. 65-172 мкмоль/л;NULL
Фенциклидин;токс.к. более 370 нмоль/л<br>смерт.к. более 2055 нмоль/л;NULL
Флекаинид ;тер.к. 0,5-2,4 мкмоль/л;NULL
Флуразепам;токс.к. более 0,5 мкмоль/л;NULL
Хинин;тер.к. 6,2-15,4 мкмоль/л<br>токс.к. более 18,5;NULL
Хлорамфеникол;тер.к. 31-77 мкмоль/л;NULL
Хлордиазепоксид;тер.к. 2,3-3,3 мкмоль/л;NULL
Хлорпромазин;тер.к. у взрослых - 157-942 нмоль/л<br>тер.к. у детей - 126-251 нмоль/л<br>токс.к. 2355 нмоль/л;NULL
Цианиды;некурящие - до 0,15 мкмоль/л<br>курящие - до 15,4 мкмоль/л<br>токс.к. более 38,5 мкмоль/л;NULL
Циклоспорин А;тер.к. 80-250 мкг/л;NULL
Циметидин;тер.к. 2-5 мкмоль/л<br>токс.к. более 5,1 мкмоль/л;NULL
Этанол;токс.к. более 1,0 г/л;NULL
Этиленгликоль;0 ммоль/л;NULL
Этосуксимид;тер.к. 283-708 мкмоль/л<br>токс.к. более 1062 мкмоль/л;NULL
Эфедрин;тер.к. 0,30-0,61 мкмоль/л<br>токс.к. более 12,1 мкмоль/л;NULL
Натрий (Na+);0-6 недель - 136-146 ммоль/л<br>старше 6 недель - 137-146 ммоль/л;https://gradusnik.net/natrij-v-krovi-i-moche-analiz-normy-i-funkcii/
Калий (K+);0-6 недель - 4,7-6,5 ммоль/л<br>6 недель - 1 год - 4,0-6,2 ммоль/л<br>1-15 лет - 3,6-5,9 ммоль/л<br>взрослые - 3,8-5,0 ммоль/л;https://gradusnik.net/kalij-v-krovi-i-moche-analizy-i-funkcii/
Кальций общий (Ca2+);0-1 неделя - 1,8-2,8 ммоль/л<br>1 неделя-2 года - 2,0-2,9 ммоль/л<br>старше 2-х лет - 2,0-2,75 ммоль/л;https://gradusnik.net/kalcij-v-krovi-i-v-moche-analiz-norma-funkcii/
Кальций ионизированный (Ca2+);0-6 недель - 1,0-1,5 ммоль/л<br>6 недель - 1 год - 0,95-1,5 ммоль/л<br>1-15 лет - 1,22-1,37 ммоль/л<br>взрослые - 1,13-1,32 ммоль/л;https://gradusnik.net/kalcij-v-krovi-i-v-moche-analiz-norma-funkcii/
Хлориды (Cl-);0-6 недель - 96-116 ммоль/л<br>6 недель - 1 год - 95-115 ммоль/л<br>1-15 лет - 95-110 ммоль/л<br>взрослые - 97-108 ммоль/л;https://gradusnik.net/chlor-v-krovi/
Магний (Mg2+);до 1 года - 0,7-1,0 ммоль/л<br>1-15 лет - 0,8-1,0 ммоль/л<br>взрослые - 0,7-1,0 ммоль/л;https://gradusnik.net/magnij-v-krovi-i-moche-analiz-normy-funkcii/
Фтор (F);1,0-2,6 ммоль/л;NULL
Фосфор (P);0-6 недель - 1,36-2,58 ммоль/л<br> 6 недель - 1 год -1,29-2,26 ммоль/л<br>1-15 лет - 1,16-1,90 ммоль/л<br>взрослые - 0,65-1,61 ммоль/л;https://gradusnik.net/fosfor-v-krovi-i-moche/
Бета-каротин;0,19-1,58 мкмоль/л;NULL
Витамин А;1-6 лет - 0,7-1,5 мкмоль/л<br>7-12 лет - 0,91-1,71 мкмоль/л<br>13-19 лет - 0,91-2,51 мкмоль/л<br>взрослые - 1,05-2,8 мкмоль/л;NULL
Витамин В1, тиамин;70-180 нмоль/л;NULL
Витамин B2, рыбофлавин;1-19 мкг/л;NULL
Витамин B3, кислота никотиновая;0,5-8,45 мкг/л;NULL
Витамин В5, кислота пантотеновая;37-147 мкг/л;NULL
Витамин В6, пиридоксин;5-50 мкг/л;NULL
Витамин В9, фолиевая кислота;3,1-17,5 нг/мл;https://gradusnik.net/analiz-krovi-na-folievuyu-kislotu/
Витамин В9 в эритроцитах, фолиевая кислота в эритроцитах;176-589 нг/мл (после перерассчета на гематокрит);https://gradusnik.net/analiz-krovi-na-folievuyu-kislotu/
Витамин В12, цианокобаламин;191-663 нг/л<br>180-900 пг/л;https://gradusnik.net/analiz-krovi-na-vitamin-b12/
Кислота метилмалоновая ;до 0,4 нмоль/л;NULL
Витамин С, аскорбиновая кислота ;23-85 мкмоль/л<br>0,4-2,0 мг/дл;NULL
Витамин D3, кальцитриол (1,25(ОН)2D3);20-67 нг/л;NULL
Витамин D2, эргокальциферол (25(ОН)D3);30-50 мг/л;NULL
Витамин Е;5,5-17,0 мг/л;NULL
Витамин К;0,29-2,64 нмоль/л;NULL
Эритроциты, RBC;"Мальчики<br>************************<br>1 день 3,0-5,50*10<sup>12</sup>/л<br>2-7 дней 3,9-6,0*10<sup>12</sup>/л<br>8-14 дней  3,6-6,0*10<sup>12</sup>/л<br>15-30 дней 3,0-5,5*10<sup>12</sup>/л<br>2-5 месяцев 3,1-4,5*10<sup>12</sup>/л<br>6-12 месяцев 3,7-6,0*10<sup>12</sup>/л<br>1-2 года 4,1-5,3*10<sup>12</sup>/л<br>3-5 лет 4,1-5,3*10<sup>12</sup>/л<br>6-11 лет 4,2-5,1*10<sup>12</sup>/л<br>12-15 лет 4,4-5,5*10<sup>12</sup>/л<br>старше 16 лет 4,32-5,72*10<sup>12</sup>/л<br><br>Девочки<br>************************<br>1 день 3,9-5,5*10<sup>12</sup>/л<br>2-7 дней 3,9-6,0*10<sup>12</sup>/л<br>8-14 дней  3,6-6,0*10<sup>12</sup>/л<br>15-30 дней 3,0-5,5*10<sup>12</sup>/л<br>2-5 месяцев 3,1-4,5*10<sup>12</sup>/л<br>6-12 месяцев 3,7-6,0*10<sup>12</sup>/л<br>1-2 года 4,1-5,3*10<sup>12</sup>/л<br>3-5 лет 4,1-5,2*10<sup>12</sup>/л<br>6-11 лет 4,1-5,3*10<sup>12</sup>/л<br>12-15 лет 4,1-5,2*10<sup>12</sup>/л<br>старше 16 лет 3,9-5,03*10<sup>12</sup>/л
";https://gradusnik.net/eritrocity-krovi/
Гемоглобин, HGB;Мальчики<br>************************<br>0-7 дней 135-220г/л<br>8-14 дней  125-210г/л<br>15-30 дней 100-200г/л<br>2-5 месяцев 100-140г/л<br>6-12 месяцев 105-135г/л<br>1-2 года 110-140г/л<br>3-5 лет 110-145г/л<br>6-11 лет 120-140г/л<br>12-15 лет 128-160г/л<br>старше 16 лет 135-175г/л<br>Девочки<br>************************<br>0-7 дней 135-220г/л<br>8-14 дней  125-210г/л<br>15-30 дней 100-200г/л<br>2-5 месяцев 100-140г/л<br>6-12 месяцев 105-135г/л<br>1-2 года 110-140г/л<br>3-5 лет 118-147г/л<br>6-11 лет 120-145г/л<br>12-15 лет 122-148г/л<br>старше 16 лет 120-155г/л;https://gradusnik.net/gemoglobin-krovi/
Гематокрит, HCT;Мальчики<br>************************<br>0-7 дней 42-60%<br>8-14 дней  39-60%<br>15-30 дней 31-55%<br>2-5 месяцев 28-42%<br>6-12 месяцев 33-40%<br>1-2 года 33-42%<br>3-5 лет 33-43%<br>6-11 лет 35,8-42,4%<br>12-15 лет 37,3-47-3%<br>старше 16 лет 38,8-50,0%<br>Девочки<br>************************<br>0-7 дней 42-60%<br>8-14 дней  39-60%<br>15-30 дней 31-55%<br>2-5 месяцев 28-42%<br>6-12 месяцев 33-40%<br>1-2 года 33-42%<br>3-5 лет 35-44%<br>6-11 лет 35,7-43%<br>12-15 лет 36,3-43,4%<br>старше 16 лет 34,9-44,5%;https://gradusnik.net/gematokrit/
MCV — средний объём эритроцита;Мальчики<br>************************<br>1 день 98-120фл<br>2-7 дней 88-120фл<br>8-14 дней  86-120фл<br>15-30 дней 85-110фл<br>2-5 месяцев 77-110фл<br>6 месяцев - 5 лет 74-89фл<br>6-11 лет 76,5-90,6фл<br>12-15 лет 81,4-91,9фл<br>старше 16 лет 81,2-95,1фл<br>Девочки<br>************************<br>1 день 98-120фл<br>2-7 дней 88-120фл<br>8-14 дней  86-120фл<br>15-30 дней 85-110фл<br>2-5 месяцев 77-110фл<br>6 месяцев - 5 лет 74-89фл<br>6-11 лет 78,5-90,4фл<br>12-15 лет 79,9-92,3фл<br>старше 16 лет 81,6-98,3фл;NULL
MCH — среднее содержание гемоглобина в отдельном эритроците;24-30 пг;NULL
MCHC — средняя концентрация гемоглобина в эритроците;32-35%;NULL
RDW - ширина распределения эритроцитов;11,8-15,6%;NULL
Лейкоциты;1 день 9-30*10<sup>9</sup>/л<br>2-7 дней 9,4-34*10<sup>9</sup>/л<br>8-14 дней  5-21*10<sup>9</sup>/л<br>15-30 дней 5-20*10<sup>9</sup>/л<br>2-5 месяцев 5-15*10<sup>9</sup>/л<br>6-12 месяцев 6-11*10<sup>9</sup>/л<br>1-2 года 5-12*10<sup>9</sup>/л<br>3-5 лет 4-12*10<sup>9</sup>/л<br>6-11 лет 3,4-9,5*10<sup>9</sup>/л<br>12-15 лет 3,6-9,1*10<sup>9</sup>/л<br>старше 16 лет 3,5-10,5*10<sup>9</sup>/л;NULL
Тромбоциты;0-5 месяцев  150-350*10<sup>9</sup>/л<br>6 месяцев - 16 лет  150-450*10<sup>9</sup>/л;NULL
MPV - средний объем тромбоцита;0-16 лет  6,5-10,0 фл;NULL
СОЭ;0-28 дней 0-2мм/час<br>1 месяц - 15 лет 3-13мм/час;NULL
Нейтрофилы, NEUT# (NE#);при рождении 6-26*10<sup>9</sup>/л<br>1-7 дней 1,5-10*10<sup>9</sup>/л<br>8-14 дней 1-9,5*10<sup>9</sup>/л<br>15 дней-1 месяц 1-10*10<sup>9</sup>/л<br>2-5 месяцев 1-8,5*10<sup>9</sup>/л<br>6 месяцев - 5 лет  1,5-8,5*10<sup>9</sup>/л<br>6-11 лет 1,5-8,5*10<sup>9</sup>/л<br>12-15 лет  1,8-8*10<sup>9</sup>/л;NULL
Нейтрофилы, NEUT% (NE%);0-1 день  51-71%<br>2-6 день  35-55%<br>1-2 недели 30-50%<br>3-4 недели 25-45%<br>1-6 месяцев 22-45%<br>7 месяцев - 12 месяцев 21-42%<br>1-2 года 21-43%<br>3-4 года 23-52%<br>5-6 лет  32-61%<br>7-8 лет 41-63%<br>9-10 лет  43-64%<br>11-15 лет  44-67%<br>старше 15 лет 47-70%;NULL
Эозинофилы, EO#;0-5 месяцев  0,02-0,85*10<sup>9</sup>/л<br>6-12 месяцев 0,05-0,7*10<sup>9</sup>/л<br>1-5 лет 0,05-0,65*10<sup>9</sup>/л<br>6-15 лет 0,05-0,5*10<sup>9</sup>/л;NULL
Эозинофилы, EO%;0-15 лет  0-5%;NULL
Базофилы, BA#;0-28 дней 0-0,4*10<sup>9</sup>/л<br>1 месяц - 5 лет  0-0,14*10<sup>9</sup>/л<br>5-15 лет  0-0,14*10<sup>9</sup>/л<br>старше 15 лет 0-0,136*10<sup>9</sup>/л;NULL
Базофилы, BA%;0-15 лет  0-1%;NULL
Лимфоциты, LYM# (LY#);"при рождении 1,0-11,0*10<sup>9</sup>/л<br>1-14 дней 2,0-17,0*10<sup>9</sup>/л<br>15 дней – 1 месяц 2,5-16,5*10<sup>9</sup>/л<br>2-5 месяцев 4,0-13,50*10<sup>9</sup>/л<br>6-12 месяцев 4,00-10,5*10<sup>9</sup>/л<br>1-5 лет 1,5-7,0*10<sup>9</sup>/л<br>6-11 лет 1,5-6,5*10<sup>9</sup>/л<br>12-15 лет 1,2-5,2*10<sup>9</sup>/л
";NULL
Лимфоциты, LYM% (LY%);"при рождении 26-36%<br>1-3 дня 21-41%<br>4-7 дней 31-51%<br>8-14 дней 33-63%<br>15 дней - 2 месяца 41-71%<br>3-5 месяцев 44-74%<br>6 месяцев - 1 год 47-77%<br>2-3 года 44-74%<br>4-5 лет 35-65%<br>6-10 лет  25-54%<br>11-15 лет  28-48%
";NULL
Моноциты, MON#;"0-14 дней 0,40-1,8*10<sup>9</sup>/л<br>15 дней - 11 месяцев 0,05-1,1*10<sup>9</sup>/л<br>1-15 лет 0-0,8*10<sup>9</sup>/л<br>старше 15 лет 0,3-0,9*10<sup>9</sup>/л
";NULL
